facility_id,facility_name,level,type,type_group,ownership,ownership_type,functional,lga,ward,latitude,longitude,nhfr_code,gps_accuracy,flag_count,coordinate_status
SN_D6EDED7A8A,Polchi Primary Health Centre,Primary,Health Post,Health Post,Public,State Government,Unknown,Dass,Polchi,10.061793,9.4559307,,1.933,2,Valid
SN_D448B9BCB3,Zakara Health Post,Primary,Health Post,Health Post,Public,State Government,Unknown,Ningi,Jangu,10.9149318,9.5605749,,9.86,0,Valid
SN_008CFDCEC7,Garba Memorial Clinic,Primary,Clinic,Clinic,Private,Unknown,Unknown,Tafawa-Balewa,Dull A,9.655690986,9.963447611,,,2,Valid
SN_0126A8C354,Gasuwo Maternity Clinic,Primary,Maternity Home,Maternity,Public,Unknown,Unknown,Toro,Tulai,10.14553,9.3739,,,0,Valid
SN_0B7FB34BB3,Dalagobe Dispensary,Primary,Health Post,Health Post,Public,State Government,Unknown,Darazo,Sade West,11.2365792,10.6116521,,5.254,0,Valid
SN_015A458D47,Zigam Primary Health Center,Primary,Primary Health Center,PHC,Public,Unknown,Unknown,Tafawa-Balewa,Kardam C,9.788,9.29839,,,2,Valid
SN_4C6ED8BD15,Nammare Health Post,Primary,Health Post,Health Post,Public,State Government,Unknown,Misau,Zadawa,11.4391963,10.338804,,9.1,0,Valid
SN_8B0ED329E9,Birkincha Health Post,Primary,Health Post,Health Post,Public,State Government,Unknown,Zaki,Gumai,12.0799829,10.317142,,6.45,0,Valid
SN_CE67C85A72,Marana Primary Health Centre,Primary,Primary Health Center,PHC,Public,State Government,Unknown,Gamawa,Marana,12.1192334,10.7463254,,1.567,0,Valid
SN_03F36780F3,Wando Dispensary,Primary,Health Post,Health Post,Public,Unknown,Functional,Bauchi,Dan Iya,10.33198997,9.83333701,,,0,Valid
SN_042B4E0F53,La Tah Zan Clinic And Maternity,Primary,Maternity Home,Maternity,Private,Unknown,Unknown,Dass,Bununu East,10.0261,9.59661,,,0,Valid
SN_045B9692F3,Darussalam Clinic,Secondary,Clinic,Clinic,Private,For Profit,Functional,Bauchi,Makama A,10.2928798,9.83858985,,,0,Valid
SN_4F90DC5281,T / Wada Primary Health Centre,Primary,Primary Health Center,PHC,Public,State Government,Unknown,Warji,Tudun Wada,11.2216899,9.6510093,,7.172,0,Valid
SN_ED9789A692,Muda Babba Primary Health Centre,Primary,Primary Health Center,PHC,Public,State Government,Unknown,Warji,Baima,11.0661258,9.8182546,,7.686,0,Valid
SN_04E5D03EBB,Kariya Isohuwa Dispensary,Unknown,Unknown,Unknown,Unknown,Unknown,Unknown,Ganjuwa,Kariya A,10.90916,9.77459,,,0,Valid
SN_05EB385CBE,Makama B Maternity,Primary,Maternity Home,Maternity,Public,Unknown,Unknown,Bauchi,Makama B,10.30291748,9.832519531,,,2,Valid
SN_0C3C5377B8,Lulai Health Post,Primary,Health Post,Health Post,Public,State Government,Unknown,Ganjuwa,Miya B,10.8353967,9.9698601,,9.216,0,Valid
SN_0601FA30E1,Tashan Babiye Comprehensive Health Center,Primary,Health Center,PHC,Public,Unknown,Unknown,Bauchi,Makama A,10.30605806,9.842581935,,,0,Valid
SN_0602B7684D,Jamaare Clinic,Primary,Clinic,Clinic,Private,Unknown,Unknown,Jama'are,Jamaare D,11.672832,9.93355,,,0,Valid
SN_8F63290476,San-San Primary Health Centre,Primary,Health Post,Health Post,Public,State Government,Unknown,Gamawa,Gololo North,12.3492924,10.7391479,,8.355,0,Valid
SN_87596A23EB,Yarimari Health Post,Primary,Health Post,Health Post,Public,State Government,Unknown,Giade,Isawa,11.5756267,10.201895,,7.5,0,Valid
SN_3BDC508A3B,Dalmari Health Post,Primary,Health Post,Health Post,Public,State Government,Unknown,Gamawa,Tarmasuwa,11.7734,10.7619208,,3.161,0,Valid
SN_08DAA8C9D6,Garin Jalo Health Clinic,Primary,Clinic,Clinic,Public,Local Government,Functional,Damban,Yayari,11.64352,10.88355,,,1,Valid
SN_08F271D546,Dayi Health Clinic,Primary,Clinic,Clinic,Public,Unknown,Unknown,Bauchi,Dan Iya,10.28498,9.84475,,,0,Valid
SN_0A3B15CB69,Gangu Dispensary,Primary,Health Post,Health Post,Public,Local Government,Functional,Bauchi,Liman Katagum,10.15440318,9.798717532,,,0,Valid
SN_1A414C70BB,Abdallawa Primary Health Centre,Primary,Primary Health Center,PHC,Public,State Government,Unknown,Itas/Gadau,Abdallawa,11.8335905,9.7526859,,6.649,0,Valid
SN_0B5F5D1A10,Gadau Model Primary Health Center,Primary,Primary Health Center,PHC,Public,Unknown,Unknown,Itas/Gadau,Gadau,11.83868408,10.17150879,,,0,Valid
SN_9C9618CB4B,Gobbiya Model Primary Health Center Primary Health Centre,Primary,Primary Health Center,PHC,Public,State Government,Unknown,Bogoro,Lusa,9.6387816,9.711211,,8.583,1,Valid
SN_0C70A07EF2,Kwacciyel Dispensary,Primary,Health Post,Health Post,Public,Local Government,Functional,Toro,Tulai,10.10997,9.31319,,,0,Valid
SN_A06AB20334,Gula Health Post,Primary,Health Post,Health Post,Public,State Government,Unknown,Kirfi,Dewu,10.6414985,10.4906441,,7.55,1,Valid
SN_CAEA66280E,Bununu Town Maternity Centre,Primary,Primary Health Center,PHC,Public,State Government,Unknown,Tafawa-Balewa,Bununu A,9.8811497,9.6825277,,9.112,0,Valid
SN_0DB88CFC87,Buryitu Health Post,Primary,Health Post,Health Post,Public,Unknown,Unknown,Ganjuwa,Kariya B,10.92669678,9.651916504,,,0,Valid
SN_5E18609188,Kirfin Sama Primary Health Centre,Primary,Primary Health Center,PHC,Public,State Government,Unknown,Kirfi,Kirfi,10.4075339,10.4208184,,9.8,0,Valid
SN_533D7D89A6,Shila Primary Health Centre,Primary,Primary Health Center,PHC,Public,State Government,Unknown,Ganjuwa,Kubi A,10.62059,10.3426919,,3.169,0,Valid
SN_0E081AEBC9,Ajiya Health Post,Primary,Health Post,Health Post,Public,Unknown,Unknown,Dass,Bundot,10.00605579,9.52564291,,,1,Valid
SN_D27BC87B67,Lukshi Primary Health Centre,Primary,Primary Health Center,PHC,Public,State Government,Unknown,Dass,Zumbul,10.0218363,9.3762711,,9.481,3,Valid
SN_0E54001E5B,Nasarawo Primary Health Care,Primary,Primary Health Center,PHC,Public,Local Government,Functional,Itas/Gadau,Diga,11.893589,10.005041,,,0,Valid
SN_0EBF960B6D,Danbaba Medical Clinic,Primary,Clinic,Clinic,Private,For Profit,Functional,Ningi,Tiffi,11.06357891,9.567871957,,,0,Valid
SN_0EDD770131,Lafiyan Sara Health Clinic,Primary,Clinic,Clinic,Public,Unknown,Functional,Bogoro,Badagari,9.55394,9.68604,,,0,Valid
SN_F154C59E88,Bashe Health Clinic,Primary,Primary Health Center,PHC,Public,State Government,Unknown,Ningi,Bashe,11.129215,8.9860385,,4.8,0,Valid
SN_218E9F2A23,Madangala Health Clinic,Primary,Primary Health Center,PHC,Public,State Government,Unknown,Katagum,Madangala,11.6424306,10.1526603,,8.579,0,Valid
SN_100BDE96E9,Apple Clinic And Maternity,Secondary,Maternity Home,Maternity,Private,For Profit,Functional,Bauchi,Dan Iya,10.30717311,9.7960658,,,0,Valid
SN_B623E35F19,Muzuwa Primary Health Centre,Primary,Primary Health Center,PHC,Public,State Government,Unknown,Damban,Muzuwa,11.6286033,10.7692783,,8.3,0,Valid
SN_10A1C813C8,Tafawa Balewa Town Maternity,Primary,Maternity Home,Maternity,Public,Local Government,Functional,Tafawa-Balewa,Wai B,9.754942694,9.551875746,,,0,Valid
SN_11BC13701B,Kawuri Health Post,Primary,Health Post,Health Post,Public,State Government,Unknown,Darazo,Gabchiyari,11.0169967,10.630485,,5.6,0,Valid
SN_45E0B5F05C,Boi Primary Health Centre,Primary,Primary Health Center,PHC,Public,State Government,Unknown,Bogoro,Boi,9.5542426,9.5035659,,9.85,0,Valid
SN_1185D7A74B,Kadage Dispensary,Primary,Health Post,Health Post,Public,Local Government,Functional,Toro,Ribina West,10.12990591,9.026525273,,,0,Valid
SN_118955D2EB,Tulu Ecwa Health Clinic,Primary,Clinic,Clinic,Private,Unknown,Unknown,Toro,Tama,10.5769043,9.023498535,,,0,Valid
SN_11B341781E,Railway Clinic,Secondary,Clinic,Clinic,Public,Federal Government,Functional,Bauchi,Dan Amar B,10.293309,9.847461,,,2,Valid
SN_5A3A34ED8E,Dabardak Maternal And Child Health,Primary,Primary Health Center,PHC,Public,State Government,Unknown,Dass,Bundot,10.0135503,9.5562527,,3.9,0,Valid
SN_8591A1D566,Bakwi Health Clinic,Primary,Clinic,Clinic,Public,State Government,Unknown,Warji,Zurgwai,11.0613674,9.7408747,,6.923,0,Valid
SN_120161E3FC,Mailafiya Health Clinic,Primary,Clinic,Clinic,Public,Unknown,Unknown,Bauchi,Dan Iya,10.28779,9.84342,,,0,Valid
SN_1273830C84,Amana Clinic,Primary,Clinic,Clinic,Private,For Profit,Unknown,Jama'are,Jamaare D,11.66829841,9.920372899,,,0,Valid
SN_128F5BA613,Bakin Kogi Dispensary,Primary,Health Post,Health Post,Public,Unknown,Unknown,Toro,Wonu South,10.213884,9.045605,,,2,Valid
SN_B67FE7FB1E,Kadallen Bubuna Primary Health Centre,Primary,Primary Health Center,PHC,Public,State Government,Unknown,Warji,Baima,11.1120729,9.7615971,,7.848,0,Valid
SN_92779ED9C6,Bulaburin Health Post,Primary,Health Post,Health Post,Public,State Government,Unknown,Gamawa,Raga,11.7931347,10.5782852,,3.696,0,Valid
SN_130BF5DE5A,Zinda Dispensary,Primary,Health Post,Health Post,Public,Unknown,Unknown,Bauchi,Dan Iya,10.32049561,9.821289063,,,0,Valid
SN_18B2B6AF68,Doya Primary Health Centre,Primary,Primary Health Center,PHC,Public,State Government,Unknown,Bauchi,Dan Amar A,10.3153333,9.8517677,,9.956,0,Valid
SN_139BA169C7,Government Secondary School Bununu Clinic,Unknown,Unknown,Unknown,Unknown,Unknown,Unknown,Tafawa-Balewa,Bununu A,9.88376384,9.68674005,,,0,Valid
SN_01E4F64101,Fagam Primary Health Centre,Primary,Primary Health Center,PHC,Public,State Government,Unknown,Damban,Zaura,11.6282667,10.6252183,,8.5,1,Valid
SN_13D7A1EDC1,Godong Primary Health Center,Primary,Primary Health Center,PHC,Public,Unknown,Unknown,Toro,Palama,9.94908,9.23734,,,2,Valid
SN_1488B7D785,Matawai Maternity,Primary,Maternity Home,Maternity,Public,Local Government,Functional,Toro,Zaranda,10.30417,9.46539,,,0,Valid
SN_DEC37D75C9,Katsinawa Primary Health Centre,Primary,Primary Health Center,PHC,Public,State Government,Unknown,Tafawa-Balewa,Dajin,10.2117542,9.5987811,,9.75,0,Valid
SN_F93EB756D7,Wundi Primary Health Centre,Primary,Primary Health Center,PHC,Public,State Government,Unknown,Toro,Rishi,10.4783388,8.8981304,,9.153,0,Valid
SN_1587534CC6,Wuro Dole Health Clinic,Primary,Clinic,Clinic,Public,Local Government,Unknown,Bauchi,Dan Iya,10.27754967,9.850386073,,,0,Valid
SN_1595189985,Tulu Dispensary,Primary,Health Post,Health Post,Public,Unknown,Unknown,Toro,Zalau,10.34567,9.01682,,,1,Valid
SN_164666EDF8,Jaji Dispensary,Primary,Health Post,Health Post,Public,Local Government,Unknown,Warji,Zurgwai,11.06691806,9.663241935,,,0,Valid
SN_BB58F8F35D,Mazai Health Post,Primary,Health Post,Health Post,Public,State Government,Unknown,Itas/Gadau,Atafowa,11.8586286,10.0395951,,8.54,1,Valid
SN_167CBEBB20,Rimi Dispensary,Primary,Health Post,Health Post,Public,Unknown,Unknown,Alkaleri,Yuli,9.561806739,10.48278147,,,0,Valid
SN_9C55167485,Birim Health Clinic,Primary,Primary Health Center,PHC,Public,State Government,Unknown,Alkaleri,Birin Gigyara,10.0017594,10.0848075,,9.826,0,Valid
SN_17D8A54D69,Dababe Dispensary,Primary,Health Post,Health Post,Public,Unknown,Unknown,Toro,Rishi,10.499934,8.847601,,,0,Valid
SN_52594B41D6,Gumau Dispensary,Primary,Health Post,Health Post,Public,Unknown,Unknown,Toro,Ribina West,10.15275,9.01025,,,1,Valid
SN_184B38628B,Jamaa Dispensary,Primary,Health Post,Health Post,Public,Unknown,Functional,Shira,Shira,11.46095,10.0927,,,0,Valid
SN_4A5FAC301B,Zaura Primary Health Centre,Primary,Primary Health Center,PHC,Public,State Government,Unknown,Damban,Zaura,11.7565581,10.9114026,,5.334,0,Valid
SN_FB3FB554D1,Garin Kauli Health Post,Primary,Health Post,Health Post,Public,State Government,Unknown,Katagum,Ragwam,11.7611756,10.2023746,,9.85,1,Valid
SN_191AB77240,Angunrimi Health Clinic,Primary,Clinic,Clinic,Public,Unknown,Functional,Bogoro,Dazara,9.645690918,9.491516113,,,0,Valid
SN_F9E10DE77C,Kafin Liman Primary Health Centre,Primary,Primary Health Center,PHC,Public,State Government,Unknown,Ganjuwa,Kafin Madaki B,10.6065356,9.7593363,,9.8,0,Valid
SN_65A67421FC,Jadori Health Post,Primary,Clinic,Clinic,Public,State Government,Unknown,Gamawa,Alagarno,12.2238328,10.5960607,,1.994,1,Valid
SN_6882576093,Inkil Primary Health Centre,Primary,Primary Health Center,PHC,Public,State Government,Unknown,Bauchi,Tirwun,10.3018663,9.8931563,,3.806,0,Valid
SN_C9A18E120D,Garin Na Allah Health Clinic,Primary,Primary Health Center,PHC,Public,State Government,Unknown,Alkaleri,Pali East,10.2224267,10.6152583,,10.0,0,Valid
SN_1A0BF30B12,Akuyam Maternity,Unknown,Unknown,Unknown,Unknown,Unknown,Unknown,Misau,Sarma,11.48765506,10.63262683,,,0,Valid
SN_9E30B92EA1,Guda Primary Health Centre,Primary,Clinic,Clinic,Public,State Government,Unknown,Jama'are,Hanafari,11.620645,9.9033117,,7.7,0,Valid
SN_E324A8DAEE,Manawaniski Health Post,Primary,Health Post,Health Post,Public,State Government,Unknown,Zaki,Maikawa,12.1915967,10.2837387,,7.4,0,Valid
SN_1C282EB6F1,Rahama Primary Health Care,Primary,Primary Health Center,PHC,Public,Unknown,Unknown,Toro,Zaranda,10.27178,9.45578,,,1,Valid
SN_4EE0052CD3,Shadarki Health Post,Primary,Health Post,Health Post,Public,State Government,Unknown,Darazo,Tauya West,10.8927415,10.3792424,,6.16,0,Valid
SN_1DAC9CFF43,Kuka II Health Clinic,Primary,Clinic,Clinic,Public,Unknown,Unknown,Bauchi,Dan Amar B,10.30087806,9.846111935,,,0,Valid
SN_1E2E38AB98,Pegin Doka Private Health Center,Primary,Health Center,PHC,Private,Unknown,Unknown,Toro,Jama A,10.2559,9.59868,,,1,Valid
SN_66607D44A4,Tarawo Primary Health Centre,Primary,Clinic,Clinic,Public,State Government,Unknown,Shira,Tsafi,11.3511226,10.0522876,,9.933,0,Valid
SN_6DA82A9BBC,Dungah Primary Health Centre,Primary,Clinic,Clinic,Public,State Government,Unknown,Bogoro,Lusa,9.6042137,9.5654124,,8.936,0,Valid
SN_7A9524A78B,Yanda Health Post,Primary,Health Post,Health Post,Public,State Government,Unknown,Ganjuwa,Ganjuwa A,10.8956182,10.1933854,,4.166,0,Valid
SN_1EF2860C9E,Galda Dispensary,Primary,Health Post,Health Post,Public,Unknown,Functional,Toro,Tulai,10.14753,9.32535,,,0,Valid
SN_1F003F76AD,Gwalfaada Maternity,Primary,Maternity Home,Maternity,Public,Unknown,Functional,Bauchi,Dan Iya,10.3098059,9.8191863,,,0,Valid
SN_1F3EF80042,Atite Dispensary,Primary,Health Post,Health Post,Public,Unknown,Unknown,Toro,Tilde,10.02357393,8.95218058,,,0,Valid
SN_1F5DA890FD,Baladde Health Post,Primary,Health Post,Health Post,Public,Unknown,Functional,Alkaleri,Yalo 2,9.669975725,10.76841911,,,0,Valid
SN_30FBAEA457,Kariya Wudufa Health Post,Primary,Health Post,Health Post,Public,State Government,Unknown,Ganjuwa,Miya B,10.9753834,9.9126949,,7.5,0,Valid
SN_1FF62E6C6A,Tadnum Maternal Child Health,Primary,Maternity Home,Maternity,Public,Unknown,Unknown,Bogoro,Gobbiya,9.639892578,9.725280762,,,0,Valid
SN_B2344889BD,Koyanti Health Centre,Primary,Primary Health Center,PHC,Public,State Government,Unknown,Giade,Sabon Sara B,11.4893754,10.2256723,,1.503,0,Valid
SN_20E3425F64,Albishir Clinic,Primary,Clinic,Clinic,Private,Unknown,Functional,Bauchi,Dan Iya,10.30925104,9.79272178,,,0,Valid
SN_9C78EF03AB,Bidir Primary Health Centre,Primary,Primary Health Center,PHC,Public,State Government,Unknown,Katagum,Bidir,11.6248123,10.2005562,,10.0,0,Valid
SN_AEC3DEEDB0,Massusuka Health Clinic,Primary,Primary Health Center,PHC,Public,State Government,Unknown,Ningi,Bashe,11.2353233,9.1955318,,7.837,1,Valid
SN_4E7243002C,Kaigamari Primary Health Centre,Primary,Clinic,Clinic,Public,State Government,Unknown,Gamawa,Zindiwa,11.8555582,10.7857156,,1.21,0,Valid
SN_476D603D1E,Gabi Primary Health Centre,Primary,Primary Health Center,PHC,Public,State Government,Unknown,Ganjuwa,Gungura A,10.666923,10.4502781,,9.116,0,Valid
SN_22B37790F5,Soro Primary Health Centre,Primary,Primary Health Center,PHC,Public,State Government,Unknown,Ganjuwa,Ganjuwa A,10.7676302,10.2870995,,9.25,1,Valid
SN_22667E00FB,Fanisau Dispensary,Unknown,Unknown,Unknown,Unknown,Unknown,Unknown,Ganjuwa,Nassarawa A,10.5858,9.95188,,,0,Valid
SN_87F39ECE9A,Kafin Dulumi Health Post,Primary,Health Post,Health Post,Public,State Government,Unknown,Toro,Zaranda,10.4195599,9.4665437,,1.633,0,Valid
SN_23EC16360A,Kwatalo Dispensary,Primary,Health Post,Health Post,Public,Unknown,Unknown,Zaki,Tashena,12.32963,10.199486,,,2,Valid
SN_9FD28743E7,Zara Primary Health Centre,Primary,Primary Health Center,PHC,Public,State Government,Unknown,Ganjuwa,Miya B,10.9103854,10.0005871,,8.2,0,Valid
SN_24A881D642,Gala Makera Dispensary,Unknown,Unknown,Unknown,Unknown,Unknown,Unknown,Ganjuwa,Miya A,10.97155,9.81561,,,0,Valid
SN_24A8FDE0B8,Korori Dispensary,Primary,Health Post,Health Post,Public,Unknown,Unknown,Misau,Kukadi A,11.3203125,10.46508789,,,2,Valid
SN_251B0436BE,Gwaskwaram Primary Health Clinic,Primary,Primary Health Center,PHC,Public,Unknown,Functional,Bauchi,Gwaskwaram,10.07568359,9.956115723,,,0,Valid
SN_CF9CAAAC2B,Unguwan Gyada Primary Health Centre,Primary,Clinic,Clinic,Public,State Government,Unknown,Bogoro,Lusa,9.6536999,9.763447,,7.114,1,Valid
SN_87E23FCD32,Kumbi Health Post,Primary,Health Post,Health Post,Public,State Government,Unknown,Kirfi,Badara,10.30229,10.28669,,7.6,0,Valid
SN_0CF577CBB9,Mundamiyo Health Clinic,Primary,Clinic,Clinic,Public,State Government,Unknown,Alkaleri,Lim Kundak,9.8463178,9.9908694,,9.648,0,Valid
SN_26DA11B51C,Wasiha Medical Center,Primary,Medical Center,Hospital,Private,Unknown,Unknown,Darazo,Darazo West,10.99178806,10.40890193,,,0,Valid
SN_66D350C795,Tashan Mai Allo Health Post,Primary,Health Post,Health Post,Public,State Government,Unknown,Toro,Tulai,10.1020658,9.2237011,,9.3,0,Valid
SN_50470E47C3,Yuguda Primary Health Centre,Primary,Primary Health Center,PHC,Public,State Government,Unknown,Bauchi,Mun Munsal,10.050065,10.024655,,8.4,0,Valid
SN_BD6A4724FC,Dingis Primary Health Centre,Primary,Primary Health Center,PHC,Public,State Government,Unknown,Ningi,Dingis,11.1419164,9.5442724,,9.855,0,Valid
SN_27B2B33CE2,Gwada Ecwa Clinic,Primary,Clinic,Clinic,Public,Local Government,Unknown,Ningi,Tiffi,11.08929099,9.63485223,,,0,Valid
SN_27D73D0B25,Yayari Clinic,Primary,Clinic,Clinic,Public,Local Government,Functional,Damban,Yayari,11.66088528,10.90108711,,,0,Valid
SN_27E4070667,Rishi Primary Health Care,Primary,Primary Health Center,PHC,Public,Unknown,Unknown,Toro,Zaranda,10.2904,9.56345,,,0,Valid
SN_261804F198,Kwalangwadi Primary Health Centre,Primary,Primary Health Center,PHC,Public,State Government,Unknown,Ningi,Guda,10.9749067,9.6320698,,9.6,0,Valid
SN_ECF8865DAC,Shira Health Post,Primary,Health Post,Health Post,Public,State Government,Unknown,Shira,Shira,11.4593061,10.0436743,,9.2,0,Valid
SN_9DBE74CA39,Tashan Babaye Comprehensive Health Centre,Primary,Primary Health Center,PHC,Public,State Government,Unknown,Bauchi,Makama A,10.3177443,9.8424801,,9.723,1,Valid
SN_D6F8E0D30F,Dayi Health Post,Primary,Health Post,Health Post,Public,State Government,Unknown,Darazo,Tauya West,10.9228415,10.3458335,,6.1,0,Valid
SN_2B0FD56758,Barkayan Baluwa Dispensary,Unknown,Unknown,Unknown,Unknown,Unknown,Unknown,Ganjuwa,Yali,10.51895,9.87063,,,0,Valid
SN_2B2895AFA3,Tiyin Health Center,Primary,Health Center,PHC,Public,Unknown,Functional,Warji,Tiyin B,11.10103,9.84262,,,1,Valid
SN_4E1B107B06,Kirchibuwa Health Post,Primary,Health Post,Health Post,Public,State Government,Unknown,Zaki,Tashena,12.270688,10.3064896,,4.82,1,Valid
SN_26089E10C4,Eldewo Health Post,Primary,Health Post,Health Post,Public,State Government,Unknown,Shira,Shira,11.5015491,10.0851189,,8.766,0,Valid
SN_2B93B45A55,Yakuwaran Dispensary,Unknown,Unknown,Unknown,Unknown,Unknown,Unknown,Kirfi,Wanka,10.45171,10.43745,,,0,Valid
SN_2BAEEF3CD0,Bot General Hospital,Secondary,General Hospital,Hospital,Public,Unknown,Functional,Tafawa-Balewa,Kardam B,9.72293,9.22976,,,0,Valid
SN_9001FC9FC9,Korawa Health Post,Primary,Health Post,Health Post,Public,State Government,Unknown,Giade,Uzum,11.550497,10.1813329,,10.0,0,Valid
SN_2BEC12C71A,Yuli Dispensary,Primary,Health Post,Health Post,Public,Unknown,Unknown,Alkaleri,Yuli,9.698784,10.273927,,,1,Valid
SN_2C8D592512,Bakinka Naka Dispensary,Unknown,Unknown,Unknown,Unknown,Unknown,Unknown,Ganjuwa,Kafin Madaki B,10.69820481,9.635023417,,,0,Valid
SN_2D4C6C5183,Tashan Durumi Maternity,Primary,Maternity Home,Maternity,Public,Unknown,Unknown,Toro,Tulai,10.13445,9.35177,,,0,Valid
SN_9A56F0B12F,Wushi Primary Health Centre,Primary,Clinic,Clinic,Public,State Government,Unknown,Ganjuwa,Kariya A,10.7312228,9.6057432,,8.492,0,Valid
SN_4BAC5D50E0,Kwadatala Health Clinic,Primary,Clinic,Clinic,Public,State Government,Unknown,Damban,Yame,11.6830733,10.60172,,6.0,1,Valid
SN_2EB1244572,Gukka Dispensary,Primary,Health Post,Health Post,Public,Unknown,Unknown,Toro,Lame,10.383969,9.222403,,,0,Valid
SN_2F0D603651,Fatara Dispensary,Primary,Health Post,Health Post,Public,Unknown,Unknown,Toro,Lame,10.54341276,9.13221527,,,2,Valid
SN_2F1905FF46,Bazanshi Health Clinic,Primary,Clinic,Clinic,Public,Unknown,Functional,Bogoro,Bar,9.726074219,9.559875488,,,1,Valid
SN_339F2A91CB,Garin Buraji Primary Health Centre,Primary,Clinic,Clinic,Public,State Government,Unknown,Itas/Gadau,Kashuri,11.8160498,10.2544007,,9.72,0,Valid
SN_66CDBCAB73,Shalgwantar Health Post,Primary,Health Post,Health Post,Public,State Government,Unknown,Dass,Bununu Central,9.9772917,9.50846,,8.7,1,Valid
SN_E7040BFD09,Zirami Primary Health Centre,Primary,Primary Health Center,PHC,Public,State Government,Unknown,Giade,Zirami,11.5629964,10.3532624,,9.028,0,Valid
SN_6A324BCE20,Habli Primary Health Centre,Primary,Primary Health Center,PHC,Public,Unknown,Functional,Bauchi,Tirwun,10.34832,9.87355,05/02/1/1/1/0037,,0,Valid
SN_313A9E87AE,Shafa Primary Health Center,Primary,Primary Health Center,PHC,Public,Unknown,Functional,Alkaleri,Kungibar,10.00753554,10.22681361,,,0,Valid
SN_E24579A722,Guma Primary Health Centre,Primary,Primary Health Center,PHC,Public,State Government,Unknown,Alkaleri,Gwaram B,10.1410646,10.1832697,,6.866,0,Valid
SN_327A14C1E8,Jange Maternity,Primary,Maternity Home,Maternity,Public,Unknown,Functional,Toro,Wonu South,10.26261,9.1349,,,0,Valid
SN_32F88D05B4,Karfawa Primary Health Center,Primary,Primary Health Center,PHC,Public,Unknown,Functional,Jama'are,Hanafari,11.60085989,9.88765626,,,2,Valid
SN_33402DA346,Yalwan Gada Dispensary,Primary,Health Post,Health Post,Public,Unknown,Unknown,Ganjuwa,Kariya B,10.92519,9.645979,,,0,Valid
SN_3346186F5D,Kula Dispensary,Unknown,Unknown,Unknown,Unknown,Unknown,Unknown,Ganjuwa,Kafin Madaki A,10.73925,9.77794,,,0,Valid
SN_CA5700580A,Ma'As Health Clinic,Primary,Health Post,Health Post,Public,State Government,Unknown,Bauchi,Dan Dango,10.1586547,9.8247332,,4.8,0,Valid
SN_33A536E221,Zubuki Health Center,Primary,Health Center,PHC,Public,Unknown,Functional,Itas/Gadau,Itas,11.855781,9.96266694,,,0,Valid
SN_3E5E98B3E5,Gangar Health Post Primary Health Centre,Primary,Primary Health Center,PHC,Public,State Government,Unknown,Alkaleri,Gar,10.0543717,10.1472233,,7.7,0,Valid
SN_3462CC7CAF,Yuga Maternity,Primary,Maternity Home,Maternity,Public,Local Government,Functional,Toro,Mara,10.31104,9.27691,,,1,Valid
SN_3478FDCCCD,Jamaamare Secrateriat Health Post,Primary,Health Post,Health Post,Public,Unknown,Unknown,Jama'are,Jamaare C,11.66070557,9.928710938,,,0,Valid
SN_CDF69D1B0A,Taka Tabo Health Post,Primary,Health Post,Health Post,Public,State Government,Unknown,Ganjuwa,Kariya B,10.9984833,9.6389817,,9.8,0,Valid
SN_0DAB8689E8,Zumbul Danri Health Post,Primary,Health Post,Health Post,Public,State Government,Unknown,Dass,Wandi,10.0182608,9.4670106,,1.899,0,Valid
SN_F71A9C23F3,Garin Sura Health Post,Primary,Health Post,Health Post,Public,State Government,Unknown,Damban,Jalam,11.5978677,10.9141236,,1.283,1,Valid
SN_9A583D60DB,Yayari Yame Health Post,Primary,Health Post,Health Post,Public,State Government,Unknown,Damban,Yame,11.5763562,10.63728,,9.3,0,Valid
SN_C4ACE01AE0,Nyelbajam Health Post,Primary,Health Post,Health Post,Public,State Government,Unknown,Misau,Beti,11.2733389,10.3868023,,8.958,0,Valid
SN_074C941016,Yaga Health Post,Primary,Health Post,Health Post,Public,State Government,Unknown,Ganjuwa,Kubi B,10.5443177,10.1383818,,9.033,0,Valid
SN_37553442C5,Rinji Dispensary,Primary,Health Post,Health Post,Public,Local Government,Functional,Toro,Ribina East,10.06014,9.096291,,,0,Valid
SN_CC4E5B0C30,Zoro Health Post,Primary,Health Post,Health Post,Public,State Government,Unknown,Darazo,Tauya East,10.951339,10.4369362,,9.339,0,Valid
SN_37ADBD1EBB,Zari Health Clinic,Primary,Clinic,Clinic,Public,Local Government,Functional,Tafawa-Balewa,Kardam C,9.81129,9.30402,,,0,Valid
SN_37CB196291,Dala Gwabe Health Clinic,Primary,Clinic,Clinic,Public,Unknown,Unknown,Ganjuwa,Nassarawa A,10.61243806,9.926461935,,,0,Valid
SN_37F12C1B37,Alkaleri West General Hospital,Secondary,General Hospital,Hospital,Public,State Government,Functional,Alkaleri,Alkaleri West,10.26460761,10.31482145,,,0,Valid
SN_05C54509FC,Murmur Model Primary Health Centre,Primary,Primary Health Center,PHC,Public,State Government,Unknown,Zaki,Murmur North,12.1331704,10.2135928,,8.066,0,Valid
SN_7B5D4E3909,Zakshi Toro Primary Health Centre,Primary,Primary Health Center,PHC,Public,State Government,Unknown,Toro,Mara,9.9412329,9.3465312,,8.78,1,Valid
SN_00C326E8FF,Sirko Primary Health Centre,Primary,Primary Health Center,PHC,Public,State Government,Unknown,Misau,Sirko,11.3611683,10.4653467,,2.4,0,Valid
SN_38A3F59C6B,Tudun Alheri Project,Primary,Primary Health Center,PHC,Public,Unknown,Unknown,Warji,Katanga,11.17468222,9.74948412,,,2,Valid
SN_38B9B5E2BB,Kafata Kealh Clinic,Primary,Clinic,Clinic,Public,Local Government,Functional,Itas/Gadau,Itas,11.8539738,9.9621256,,,0,Valid
SN_BB9160DAB4,Tatari Ali Primary Health Centre,Primary,Primary Health Center,PHC,Public,State Government,Unknown,Katagum,Tsakuwa,11.6923317,10.2011827,,5.946,0,Valid
SN_E7F612936B,Buzaye Primary Health Centre,Primary,Primary Health Center,PHC,Public,State Government,Unknown,Bauchi,Birshi,10.2497817,9.6616983,,7.0,1,Valid
SN_3E07C10585,Kongoro Health Post,Primary,Health Post,Health Post,Public,State Government,Unknown,Ningi,Sama,10.9151321,9.1785822,,5.2,1,Valid
SN_3A4751036F,Nanemma Clinic And Maternity,Primary,Maternity Home,Maternity,Private,For Profit,Unknown,Tafawa-Balewa,Lere South,9.68989156,9.46153674,,,0,Valid
SN_5F3A2E1004,Kagadama Health Clinic,Primary,Clinic,Clinic,Public,State Government,Unknown,Dass,Dott,10.0319201,9.5518977,,9.444,0,Valid
SN_B0F5A6071D,Gatattara Health Post,Primary,Health Post,Health Post,Public,State Government,Unknown,Gamawa,Alagarno,12.231929,10.4404578,,1.178,1,Valid
SN_14E8E81D4C,Akuyam Primary Health Centre,Primary,Primary Health Center,PHC,Public,State Government,Unknown,Misau,Akuyam,11.4653417,10.627435,,3.9,0,Valid
SN_872A817A8E,Dallaji Primary Health Centre,Primary,Primary Health Center,PHC,Public,State Government,Unknown,Warji,Dallaji,11.2134608,9.6748761,,9.367,0,Valid
SN_3C6D3E70D5,Gidan Barde Makwalla Dispensary,Primary,Health Post,Health Post,Public,Unknown,Unknown,Ningi,Ningi West,11.07771405,9.5618726,,,0,Valid
SN_3C9553D15C,Rahama Clinic,Unknown,Unknown,Unknown,Unknown,Unknown,Unknown,Bauchi,Tirwun,10.27422,9.8631,,,0,Valid
SN_A7130D7A05,Sabongarin Burgel Primary Health Centre,Primary,Primary Health Center,PHC,Public,State Government,Unknown,Dass,Bununu Central,9.9586767,9.5080567,,9.4,1,Valid
SN_3CFB750288,Kayakaya Dispensary,Primary,Health Post,Health Post,Public,Local Government,Functional,Giade,Kurba,11.2585305,10.31244877,,,0,Valid
SN_3D278B0E51,Ribina West Maternity,Primary,Maternity Home,Maternity,Public,Unknown,Unknown,Toro,Ribina West,10.106676,9.046699,,,2,Valid
SN_3D99E139AA,Gwasamai Veterinary Clinic,Unknown,Unknown,Unknown,Unknown,Unknown,Unknown,Katagum,Ragwam,11.74519,10.0422,,,0,Valid
SN_3DE52A6131,Jiro Health Clinic,Primary,Clinic,Clinic,Public,Unknown,Unknown,Bauchi,Dan Iya,10.28398,9.8513,,,0,Valid
SN_3E0DBE217D,Zurgwai Primary Health Center,Primary,Primary Health Center,PHC,Public,Unknown,Functional,Warji,Ranga A,11.18291118,9.749516837,,,0,Valid
SN_3EB7D4DE21,Gagdi Cocin Dispensary,Primary,Health Post,Health Post,Public,Local Government,Unknown,Tafawa-Balewa,Dull A,9.66153,9.95992,,,2,Valid
SN_AE53C509A4,Kameme Primary Health Centre,Primary,Primary Health Center,PHC,Public,State Government,Unknown,Zaki,Sakwa,12.1566331,10.3079262,,6.769,1,Valid
SN_F67D2BC46A,Kadolli Primary Health Centre,Primary,Health Post,Health Post,Public,State Government,Unknown,Kirfi,Bara,10.30719,10.7384767,,7.5,1,Valid
SN_207E13D6E7,Wabu Primary Health Centre,Primary,Primary Health Center,PHC,Public,State Government,Unknown,Gamawa,Udubo North East,11.963476,10.7416007,,2.067,0,Valid
SN_3F3E0309E5,Jange Dispensary,Primary,Health Post,Health Post,Public,Unknown,Unknown,Toro,Wonu South,10.26259,9.16499,,,1,Valid
SN_B4AE5096B6,Sharaba Health Post,Primary,Health Post,Health Post,Public,State Government,Unknown,Kirfi,Beni,10.4256708,10.3743637,,9.45,0,Valid
SN_140A3822BC,Yola Doka Health Post,Primary,Health Post,Health Post,Public,State Government,Unknown,Bauchi,Mun Munsal,10.0746003,10.0362338,,9.966,0,Valid
SN_67FC5BCA67,Nasaru Primary Health Centre,Primary,Primary Health Center,PHC,Public,State Government,Unknown,Ningi,Nasaru B,11.2265851,9.6036222,,4.1,0,Valid
SN_401C81E69B,Bangire Maternity,Primary,Maternity Home,Maternity,Public,Unknown,Functional,Shira,Kilbori A,11.57156958,10.06514535,,,1,Valid
SN_40800131C4,Beti Dispensary,Primary,Health Post,Health Post,Public,Unknown,Unknown,Katagum,Madara,11.79183,10.41833,,,1,Valid
SN_8A0C2DE71F,Gaji Primary Health Centre,Primary,Primary Health Center,PHC,Public,State Government,Unknown,Alkaleri,Yuli,9.7021931,10.1911982,,9.648,1,Valid
SN_40D3BADAF8,Tumu Dispensary,Primary,Health Post,Health Post,Public,Unknown,Unknown,Dass,Dott,10.04059,9.57863,,,1,Valid
SN_285FA35C01,Sabon Garin Lanzai Health Post,Primary,Health Post,Health Post,Public,State Government,Unknown,Darazo,Lanzai West,11.3399036,10.8239417,,3.495,0,Valid
SN_40FFCAC215,Gyara Health Clinic,Primary,Clinic,Clinic,Public,Unknown,Functional,Bogoro,Mwari,9.61005,9.536,,,1,Valid
SN_FF0E5E3589,Manga Health Post,Primary,Health Post,Health Post,Public,State Government,Unknown,Ganjuwa,Ganjuwa A,10.8517192,10.3051791,,2.078,0,Valid
SN_5F31C2254C,Fadina Health Post,Primary,Health Post,Health Post,Public,State Government,Unknown,Ningi,Dingis,11.1553039,9.5819442,,8.366,0,Valid
SN_37FF3C9D83,Kufa Primary Health Centre,Primary,Primary Health Center,PHC,Public,State Government,Unknown,Alkaleri,Gwaram A,10.19854,10.3496483,,8.9,0,Valid
SN_D1B5910C24,Taranka Primary Health Centre,Primary,Primary Health Center,PHC,Public,State Government,Unknown,Gamawa,Raga,11.7520686,10.631067,,0.808,1,Valid
SN_93157C618A,Bunga Primary Health Centre,Primary,Primary Health Center,PHC,Public,State Government,Unknown,Ganjuwa,Kariya B,11.0465233,9.64025,,9.8,0,Valid
SN_C54B89856E,Sabakuwa Health Post,Primary,Health Post,Health Post,Public,State Government,Unknown,Zaki,Mainako South,12.3774983,10.3640383,,8.2,0,Valid
SN_CDB773CDD7,Loro Health Clinic,Primary,Clinic,Clinic,Public,State Government,Unknown,Toro,Toro,10.0367017,9.0199867,,6.5,0,Valid
SN_43AD0D36D0,Kijim Boi Cocin Clinic,Primary,Clinic,Clinic,Private,For Profit,Unknown,Bogoro,Boi,9.56889,9.49121,,,0,Valid
SN_79554CC204,Aru Primary Health Centre,Primary,Primary Health Center,PHC,Public,State Government,Unknown,Warji,Tiyin A,11.2019494,9.8323053,,6.237,0,Valid
SN_43F3662252,Matto Dispensary,Primary,Health Post,Health Post,Public,Unknown,Unknown,Toro,Jama A,10.20464,9.5828,,,0,Valid
SN_43F7E785C5,Kyakma Health Clinic,Primary,Clinic,Clinic,Public,Unknown,Unknown,Bogoro,Project,9.60275,9.79142,,,0,Valid
SN_458410C50E,Kauna Clinic Mbulu Private,Primary,Clinic,Clinic,Private,Unknown,Unknown,Tafawa-Balewa,Dull B,9.82903,9.91113,,,0,Valid
SN_D623819C97,Diwa Health Post,Primary,Health Post,Health Post,Public,State Government,Unknown,Ningi,Bashe,11.0292226,8.8235505,,6.573,0,Valid
SN_464DEFDC80,Bichiki Dispensary,Primary,Health Post,Health Post,Public,Unknown,Unknown,Ganjuwa,Kariya A,10.74117,9.63636,,,0,Valid
SN_D6270387C1,Guraka Health Post,Primary,Health Post,Health Post,Public,State Government,Unknown,Toro,Tama,10.6720234,8.8644136,,9.111,0,Valid
SN_224D0C2173,Dagauda Health Post,Primary,Health Post,Health Post,Public,State Government,Unknown,Damban,Dagauda,11.7056794,10.8619293,,8.144,0,Valid
SN_B923E4E9C5,Lafiyan Sara Primary Health Centre,Primary,Clinic,Clinic,Public,State Government,Unknown,Bogoro,Bogoro,9.68599,9.5539722,,9.838,1,Valid
SN_472659FD01,Kwabi Dispensary,Unknown,Unknown,Unknown,Unknown,Unknown,Unknown,Ningi,Jangu,10.89210089,9.546022784,,,0,Valid
SN_C017395FAA,Sabongida Primary Health Centre,Primary,Clinic,Clinic,Public,State Government,Unknown,Tafawa-Balewa,Mball,9.917552,9.8130532,,6.174,0,Valid
SN_486F664051,Dajin Dispensary,Unknown,Unknown,Unknown,Unknown,Unknown,Unknown,Tafawa-Balewa,Dajin,10.02811,9.64522,,,0,Valid
SN_B1F047AA3A,Minchika Primary Health Centre,Primary,Primary Health Center,PHC,Public,State Government,Unknown,Damban,Jalam,11.59369,10.8791551,,1.865,1,Valid
SN_4A1AB4026E,Ngaima Dispensary,Unknown,Unknown,Unknown,Unknown,Unknown,Unknown,Gamawa,Tarmasuwa,11.77357734,10.78924394,,,0,Valid
SN_4A3D1B931E,Wanka Health Clinic,Primary,Clinic,Clinic,Public,Unknown,Unknown,Misau,Tofu,11.40932821,10.43182951,,,0,Valid
SN_4AB2D34DD5,Yerima Clinic And Maternity,Primary,Maternity Home,Maternity,Private,For Profit,Functional,Toro,Tilde,10.0388794,8.991516113,,,0,Valid
SN_A4C2276054,Gorondo Primary Health Centre,Primary,Primary Health Center,PHC,Public,State Government,Unknown,Alkaleri,Alkaleri East,10.2450537,10.4646433,,9.64,0,Valid
SN_04DA2434B8,Kaugama Health Post,Primary,Health Post,Health Post,Public,State Government,Unknown,Darazo,Lanzai West,11.3787452,10.79603,,9.833,0,Valid
SN_4AF83C75B8,Jambr Dispensary,Unknown,Unknown,Unknown,Unknown,Unknown,Unknown,Toro,Tulai,10.13284,9.28505,,,0,Valid
SN_A0B6BD8141,Nahuta Primary Health Centre,Primary,Primary Health Center,PHC,Public,State Government,Unknown,Darazo,Tauya West,10.9358639,10.3922653,,6.254,0,Valid
SN_EAB3ECC62F,Kaloma Primary Health Centre,Primary,Clinic,Clinic,Public,State Government,Unknown,Kirfi,Kirfi,10.29053,10.4339339,,8.7,1,Valid
SN_7D392DE827,Gurka Primary Health Centre,Primary,Primary Health Center,PHC,Public,State Government,Unknown,Zaki,Maiwa,12.357285,10.237655,,9.0,0,Valid
SN_4C3D47C26F,Rinjin Gaini Dispensary,Primary,Health Post,Health Post,Public,Unknown,Functional,Toro,Toro,10.03606,9.05776,,,0,Valid
SN_2763BCF53E,Gidan Ganji Primary Health Centre,Primary,Primary Health Center,PHC,Public,State Government,Unknown,Itas/Gadau,Buzawa,11.8098205,9.8023999,,0.935,0,Valid
SN_4C4F158885,Kwambo Dispensary,Primary,Health Post,Health Post,Public,Unknown,Unknown,Toro,Zaranda,10.3077,9.53028,,,0,Valid
SN_D8938A1CBD,Yandure Primary Health Centre,Primary,Primary Health Center,PHC,Public,State Government,Unknown,Giade,Giade A,11.4355019,10.2644458,,2.525,1,Valid
SN_4D1B37EA0F,Umco Clinic,Primary,Clinic,Clinic,Private,Unknown,Unknown,Misau,Kukadi B,11.31323806,10.45933193,,,0,Valid
SN_7F2A332393,Yanda Primary Health Centre,Primary,Primary Health Center,PHC,Public,State Government,Unknown,Damban,Yanda,11.5098186,10.7635615,,5.854,0,Valid
SN_D8A3C63445,Kurum Primary Health Centre,Primary,Primary Health Center,PHC,Public,State Government,Unknown,Bogoro,Bogoro,9.6342679,9.6454775,,9.338,0,Valid
SN_C7CF9D19DC,Bar Primary Health Centre,Primary,Clinic,Clinic,Public,State Government,Unknown,Bogoro,Bogoro,9.6992328,9.5882899,,9.532,1,Valid
SN_4E97A1B64C,Bauta Maternity,Primary,Maternity Home,Maternity,Public,Unknown,Unknown,Toro,Rauta/Geji,10.51043,9.51921,,,1,Valid
SN_4EE31DF12F,Low Cost A Primary Health Care Center,Primary,Primary Health Center,PHC,Public,Unknown,Unknown,Katagum,Chinade,11.5191582,10.42631624,,,2,Valid
SN_ED2A05F36B,Duma Health Post,Primary,Health Post,Health Post,Public,State Government,Unknown,Ganjuwa,Kubi A,10.7183926,10.3128989,,7.603,0,Valid
SN_8505A5CAC7,Amarmari Health Post,Primary,Health Post,Health Post,Public,State Government,Unknown,Zaki,Sakwa,12.135825,10.3387483,,7.9,3,Valid
SN_9A2D4B56DC,Alganari Mp Primary Health Centre,Primary,Health Post,Health Post,Public,State Government,Unknown,Zaki,Mainako North,12.4366633,10.3558767,,9.7,0,Valid
SN_B55824D603,Burku Primary Health Centre,Primary,Primary Health Center,PHC,Public,State Government,Unknown,Ganjuwa,Miya B,10.9402124,9.932465,,8.675,0,Valid
SN_4FBE006CD0,Zubo Darajiya Health Post,Primary,Health Post,Health Post,Public,Unknown,Functional,Shira,Zubo,11.65004846,10.00109826,,,0,Valid
SN_73BB46A9E0,Pegin Doka Primary Health Centre,Primary,Primary Health Center,PHC,Public,State Government,Unknown,Dass,Bununu East,10.0257528,9.598761,,1.269,0,Valid
SN_FA5268F600,Garin Jalo Health Post,Primary,Health Post,Health Post,Public,State Government,Unknown,Damban,Dagauda,11.648521,10.8834408,,1.81,1,Valid
SN_50D3A4537F,Amama Medical Center,Primary,Medical Center,Hospital,Private,Unknown,Unknown,Katagum,Kasuwar Kaji,11.6739917,10.1814083,,,0,Valid
SN_514CAD7D86,Kafin Dulumi Dispensary,Primary,Health Post,Health Post,Public,Local Government,Functional,Toro,Mara,10.25178,9.27999,,,0,Valid
SN_51ED7BE1B7,Al Almin Health Clinic And Maternity Inkil,Secondary,Primary Health Clinic,PHC,Private,For Profit,Functional,Bauchi,Tirwun,10.308587,9.885463,,,2,Valid
SN_520F539F64,Shall A Health Post,Primary,Health Post,Health Post,Public,Unknown,Functional,Tafawa-Balewa,Bula B,9.8794991,9.53837144,,,0,Valid
SN_D92BAC8EE7,Badara Health Clinic,Primary,Primary Health Center,PHC,Public,State Government,Unknown,Kirfi,Badara,10.347085,10.357655,,1.583,0,Valid
SN_F470CE0A34,Abbari Health Post,Primary,Health Post,Health Post,Public,State Government,Unknown,Itas/Gadau,Melendige,11.8567224,10.2041261,,9.4,1,Valid
SN_77A2F1672C,Bulanna Health Post,Primary,Health Post,Health Post,Public,State Government,Unknown,Gamawa,Tumbi,12.2826722,10.6518617,,2.897,0,Valid
SN_C677537331,Zalau Primary Health Centre,Primary,Primary Health Center,PHC,Public,State Government,Unknown,Toro,Zalau,10.3934147,9.0149245,,4.879,0,Valid
SN_52E4B20959,Bauchi Medical Clinic And Maternity,Primary,Maternity Home,Maternity,Private,Unknown,Unknown,Bauchi,Makama B,10.30713971,9.832394818,,,0,Valid
SN_537A8350B9,Tapshin Cocin Clinic,Primary,Clinic,Clinic,Private,Unknown,Unknown,Tafawa-Balewa,Wai A,9.78682,9.45286,,,0,Valid
SN_53B997E881,K Larabawa Maternity,Primary,Maternity Home,Maternity,Public,Unknown,Unknown,Zaki,Kafin Larabawa,11.935559,10.295185,,,0,Valid
SN_395C1B024C,Talba Model Primary Health Centre,Primary,Primary Health Center,PHC,Public,State Government,Unknown,Jama'are,Jurara,11.7079117,9.8483267,,7.7,0,Valid
SN_0E7E278BDE,Lamba Health Post,Primary,Health Post,Health Post,Public,State Government,Unknown,Darazo,Lanzai West,11.4524883,10.9035336,,4.884,0,Valid
SN_5521D255B1,Shifaa Federal Medical Center,Tertiary,Federal Medical Center,Hospital,Public,Federal Government,Functional,Katagum,Nasarawa A,11.6751107,10.19477414,,,0,Valid
SN_5546AEC00D,Dugub Primary Health Clinic,Primary,Primary Health Clinic,PHC,Public,Local Government,Unknown,Tafawa-Balewa,Dull A,9.692321777,9.943908691,,,0,Valid
SN_9CA76E68DC,Diggiri Health Post,Primary,Health Post,Health Post,Public,State Government,Unknown,Darazo,Lago,11.2198662,10.5261147,,6.794,0,Valid
SN_C541AE4F7F,Giraka Health Post,Primary,Health Post,Health Post,Public,State Government,Unknown,Bauchi,Zungur,9.9359833,9.8632333,,7.1,0,Valid
SN_56881E0939,Jamda Dispensary,Primary,Health Post,Health Post,Public,Unknown,Functional,Alkaleri,Lim Kundak,9.874310407,9.947001332,,,0,Valid
SN_DA023E1D68,Nahuta Health Post,Primary,Health Post,Health Post,Public,State Government,Unknown,Dass,Bununu South,9.8801762,9.5723869,,9.7,0,Valid
SN_408E9FBBED,Indabo Health Post,Primary,Health Post,Health Post,Public,State Government,Unknown,Darazo,Gabarin West,11.1133166,10.2947056,,6.4,0,Valid
SN_5708BC4D6C,Duwo Health Clinic,Primary,Clinic,Clinic,Public,Unknown,Unknown,Bauchi,Tirwun,10.26881,9.85553,,,0,Valid
SN_49FB2498F4,Golo Health Clinic,Primary,Clinic,Clinic,Public,State Government,Unknown,Kirfi,Dewu,10.6387992,10.4910853,,8.5,1,Valid
SN_EC8F9B8104,Feltum Health Post,Primary,Health Post,Health Post,Public,State Government,Unknown,Kirfi,Wanka,10.3619467,10.38456,,8.9,0,Valid
SN_57C4615B78,Zagaya Model Primary Health Center,Primary,Primary Health Center,PHC,Public,Unknown,Unknown,Ningi,Ari,10.97521455,9.57219086,,,0,Valid
SN_060D774702,Kesowo Primary Health Centre,Primary,Primary Health Center,PHC,Public,State Government,Unknown,Jama'are,Jurara,11.6145467,9.8719667,,8.7,0,Valid
SN_58615E0C01,Sams Medical Center,Primary,Medical Center,Hospital,Private,Unknown,Unknown,Bauchi,Dan Iya,10.29205806,9.821921935,,,0,Valid
SN_5875ED038C,Kanawa Primary Health Center,Primary,Primary Health Center,PHC,Public,Unknown,Functional,Bauchi,Tirwun,10.36399761,9.86971827,,,0,Valid
SN_FC612C7186,Majiya Health Clinic,Primary,Clinic,Clinic,Public,State Government,Unknown,Itas/Gadau,Mashema,11.8357968,9.8972998,,1.45,0,Valid
SN_59502D5945,Katsinawa Dispensary,Primary,Health Post,Health Post,Public,Local Government,Functional,Itas/Gadau,Gadau,11.80181813,10.16693588,,,0,Valid
SN_B76068C396,Pango Health Post,Primary,Health Post,Health Post,Public,State Government,Unknown,Itas/Gadau,Gwarai,11.7606633,9.7991907,,2.563,0,Valid
SN_139BD207B8,Dango Primary Health Centre,Primary,Primary Health Center,PHC,Public,State Government,Unknown,Shira,Shira,11.5032134,9.9729809,,1.455,1,Valid
SN_ABF53107AD,Adabda Health Post,Primary,Health Post,Health Post,Public,State Government,Unknown,Gamawa,Kore,12.2335367,10.3555433,,8.4,0,Valid
SN_148E556DDB,Aishin Health Post,Primary,Health Post,Health Post,Public,State Government,Unknown,Zaki,Gumai,12.0668851,10.3526654,,7.1,0,Valid
SN_5AA7928E74,Jamaa Clinic,Primary,Clinic,Clinic,Private,Unknown,Unknown,Tafawa-Balewa,Bununu A,9.882324219,9.678100586,,,0,Valid
SN_FAAD74D5CB,Rijiyan Malam Health Post,Primary,Health Post,Health Post,Public,State Government,Unknown,Bauchi,Birshi,10.2391394,9.6246197,,8.5,1,Valid
SN_5B51FCBB0E,Kafin Madaki General Hospital,Secondary,General Hospital,Hospital,Public,State Government,Functional,Ganjuwa,Kafin Madaki A,10.67231742,9.76218888,,,0,Valid
SN_5BD99F70CF,Gama Clinic,Primary,Clinic,Clinic,Public,Unknown,Functional,Katagum,Nasarawa B,11.66615844,10.18990352,,,0,Valid
SN_5BFBBF9483,Lamna Dispensary,Primary,Health Post,Health Post,Public,Unknown,Functional,Tafawa-Balewa,Dajin,10.02911473,9.6449857,,,0,Valid
SN_B82606A538,Kangere Primary Health Centre,Primary,Primary Health Center,PHC,Public,State Government,Unknown,Bauchi,Kangere,10.2610437,9.9964595,,9.3,0,Valid
SN_5C1A89AB87,Madobiya Primary Health Center,Primary,Primary Health Center,PHC,Public,Unknown,Functional,Itas/Gadau,Abdallawa,11.83892822,9.748474121,,,0,Valid
SN_5CF3CEAB48,Gangai Maternity,Primary,Maternity Home,Maternity,Public,Unknown,Functional,Katagum,Gangai,11.56806761,10.4897276,,,2,Valid
SN_5D059DD4B7,Sosaye Dispensary,Unknown,Unknown,Unknown,Unknown,Unknown,Unknown,Warji,Dagu,11.13051,9.74244,,,0,Valid
SN_5D2E1A8683,Fanti Health Clinic,Primary,Clinic,Clinic,Public,Unknown,Unknown,Bauchi,Mun Munsal,10.07018,10.02777,,,0,Valid
SN_5D346D794E,Ringi Gara Dispensary,Primary,Health Post,Health Post,Public,Unknown,Unknown,Toro,Jama A,10.19115,9.58754,,,1,Valid
SN_F6A56B3E1F,Tirwun Primary Health Centre,Primary,Primary Health Center,PHC,Public,State Government,Unknown,Bauchi,Tirwun,10.3493822,9.8708385,,4.226,0,Valid
SN_5DF288C0E1,Jamaa Clinic And Maternity,Primary,Maternity Home,Maternity,Public,Local Government,Unknown,Toro,Mara,10.13647461,9.285522461,,,0,Valid
SN_BEB0E60B51,Yalo Health Clinic,Primary,Primary Health Center,PHC,Public,State Government,Unknown,Alkaleri,Yalo 1,9.7376143,10.8151365,,8.742,0,Valid
SN_5F6F8A9196,Bamanu Maternity,Primary,Maternity Home,Maternity,Public,Unknown,Functional,Bauchi,Kangere,10.17530014,9.99716256,,,0,Valid
SN_5F811EA2CE,Durbi Primary Health Center,Primary,Primary Health Center,PHC,Public,Unknown,Unknown,Toro,Tilde,9.993896485,8.993713379,,,2,Valid
SN_5F85581507,Mara Dispensary,Primary,Health Post,Health Post,Public,Unknown,Unknown,Toro,Ribina East,10.12682,9.1863,,,0,Valid
SN_6029473370,Mainima Consultant Hospital,Primary,Hospital,Hospital,Private,Unknown,Unknown,Katagum,Kasuwar Kaji,11.67506173,10.18255827,,,1,Valid
SN_6044F61BFE,Dambaru Health Center,Primary,Health Center,PHC,Public,Unknown,Unknown,Damban,Dambam A,11.69609,10.70832,,,0,Valid
SN_60E9DC4618,Filin Shagari Health Clinic,Unknown,Unknown,Unknown,Unknown,Unknown,Unknown,Ganjuwa,Kariya A,10.78196581,9.60870218,,,0,Valid
SN_610B8F5385,Gwashe Health Clinic,Primary,Clinic,Clinic,Public,Local Government,Unknown,Tafawa-Balewa,Wai A,9.79235117,9.39999015,,,0,Valid
SN_6243D14C33,Adamoyel Health Post,Primary,Health Post,Health Post,Public,State Government,Unknown,Katagum,Gambaki,11.6066287,10.4043342,,10.0,0,Valid
SN_624CBD62FC,Unguwar Pampo Dispensary,Primary,Health Post,Health Post,Public,Unknown,Unknown,Ganjuwa,Miya A,10.887351,9.826259,,,2,Valid
SN_6250E01BAC,Dannga Dispensary,Primary,Health Post,Health Post,Public,Unknown,Unknown,Toro,Rauta/Geji,10.31948,9.58826,,,0,Valid
SN_625652024D,Gidan Waya Dispensary,Primary,Health Post,Health Post,Public,Unknown,Unknown,Ganjuwa,Nassarawa B,10.56557806,10.08665193,,,0,Valid
SN_D6B9B2F12A,Tumuru Health Post,Primary,Health Post,Health Post,Public,State Government,Unknown,Alkaleri,Pali East,10.1410341,10.4663907,,5.85,0,Valid
SN_15FF483CC2,Sharifori Health Clinic,Primary,Clinic,Clinic,Public,State Government,Unknown,Itas/Gadau,Atafowa,11.97108,10.1295609,,1.244,0,Valid
SN_011E1D2861,Zobo Maternity Primary Health Centre,Primary,Health Post,Health Post,Public,State Government,Unknown,Darazo,Papa North,11.2138576,10.9195991,,4.2,0,Valid
SN_62BC7D923D,Nabordo Primary Health Care,Primary,Primary Health Center,PHC,Public,Unknown,Unknown,Toro,Mara,10.1336,9.23903,,,0,Valid
SN_62BE30F226,Gumai Maternity,Primary,Maternity Home,Maternity,Public,Unknown,Functional,Zaki,Gumai,12.012453,10.366152,,,2,Valid
SN_5AE4C06092,Sutumi Health Post,Primary,Health Post,Health Post,Public,State Government,Unknown,Toro,Mara,10.1645934,9.2927175,,7.582,0,Valid
SN_2A087CA0A2,Jabdo Health Post,Primary,Health Post,Health Post,Public,State Government,Unknown,Misau,Jarkasa,11.4531389,10.4494824,,5.946,0,Valid
SN_6403AAEC84,Kwalangwadi Dispensary,Primary,Health Post,Health Post,Public,Unknown,Unknown,Ningi,Guda,10.97492,9.63808,,,1,Valid
SN_644D9E0F0F,Bayara General Hospital,Secondary,General Hospital,Hospital,Public,State Government,Functional,Bauchi,Birshi,10.2244013,9.73599433,,,1,Valid
SN_895A7BC598,Rinjin Gingin Health Post,Primary,Health Post,Health Post,Public,State Government,Unknown,Toro,Mara,10.2246601,9.2593683,,7.211,0,Valid
SN_E3EC8B5F07,Tikirze Health Post,Primary,Health Post,Health Post,Public,State Government,Unknown,Zaki,Bursali,12.4639593,10.6167916,,7.3,0,Valid
SN_64C06B4BDB,Madabe Primary Health Center,Primary,Primary Health Center,PHC,Public,Unknown,Functional,Itas/Gadau,Bambal,11.73152314,9.742853966,,,0,Valid
SN_64C6307140,Tiyin Model Primary Health Care Center,Primary,Primary Health Center,PHC,Public,Local Government,Functional,Warji,Tiyin B,11.1312017,9.842840724,,,2,Valid
SN_9BF4BABCE6,Kaisawa Dole Health Post,Primary,Health Post,Health Post,Public,State Government,Unknown,Gamawa,Alagarno,12.269945,10.5239072,,9.966,1,Valid
SN_043CEA6B34,Kafin / Iya Maternal And Child Health,Primary,Primary Health Center,PHC,Public,State Government,Unknown,Kirfi,Dewu,10.5869164,10.466823,,3.2,1,Valid
SN_3818E51A8A,Tadnum Primary Health Centre,Primary,Primary Health Center,PHC,Public,State Government,Unknown,Bogoro,Lusa,9.6059944,9.7855918,,7.825,1,Valid
SN_659795BE01,Gala Maternity,Primary,Maternity Home,Maternity,Public,Local Government,Functional,Ganjuwa,Miya A,10.9412,9.82585,,,1,Valid
SN_6605415084,Dambam General Hospital,Secondary,General Hospital,Hospital,Public,Local Government,Functional,Damban,Dambam B,11.67619759,10.69820206,,,0,Valid
SN_A19EE607C0,Mararraban Liman Katagum Primary Health Centre,Primary,Primary Health Center,PHC,Public,State Government,Unknown,Bauchi,Zungur,10.103786,9.6644742,,7.05,1,Valid
SN_19B476D474,Kargo Health Post,Primary,Health Post,Health Post,Public,State Government,Unknown,Shira,Kilbori B,11.4877267,10.1527667,,8.8,0,Valid
SN_66F9CE20CB,Jauda Health Clinic,Primary,Clinic,Clinic,Public,Local Government,Functional,Damban,Janda,11.52449532,10.87464121,,,0,Valid
SN_673728B8AC,Ramadan Clinic,Primary,Clinic,Clinic,Private,Unknown,Unknown,Toro,Wonu North,10.249656,9.015964,,,0,Valid
SN_6753B1BC60,Lafia Nursing Home,Primary,Nursing / Convalescent Home,Other,Private,Unknown,Unknown,Toro,Jama A,10.22290039,9.46307373,,,2,Valid
SN_75593CCCAD,Wandi Maternal And Child Health,Primary,Primary Health Center,PHC,Public,State Government,Unknown,Dass,Wandi,9.9820885,9.4958452,,3.9,0,Valid
SN_E74E1A5D69,Kauyen Kayel Health Post,Primary,Health Post,Health Post,Public,State Government,Unknown,Ningi,Balma,11.3308851,9.3741883,,7.933,0,Valid
SN_6857CC8B22,Niima Consultant Hospital,Secondary,Hospital,Hospital,Private,For Profit,Unknown,Bauchi,Dan Iya,10.29870806,9.813861935,,,0,Valid
SN_6857E7F470,Yakanasi Dispensary,Primary,Health Post,Health Post,Public,Unknown,Unknown,Toro,Tulai,10.06328,9.20914,,,0,Valid
SN_0EF1159095,Bura Primary Health Centre,Primary,Primary Health Center,PHC,Public,State Government,Unknown,Warji,Gabanga B,11.2233043,9.7666599,,8.736,0,Valid
SN_69419C126A,Sauki Medical Clinic,Primary,Clinic,Clinic,Private,Unknown,Unknown,Ningi,Jangu,10.9322774,9.599730735,,,0,Valid
SN_FF14B49C3D,Lariye Primary Health Centre,Primary,Primary Health Center,PHC,Public,State Government,Unknown,Jama'are,Hanafari,11.572165,9.8594883,,8.2,0,Valid
SN_BF47D29C28,Tauya Primary Health Centre,Primary,Primary Health Center,PHC,Public,State Government,Unknown,Darazo,Tauya East,10.7953756,10.5427255,,3.9,0,Valid
SN_6B5A3DB775,Babuwuri Health Post,Primary,Health Post,Health Post,Public,Unknown,Unknown,Itas/Gadau,Atafowa,12.0100708,10.12091065,,,0,Valid
SN_6B64E4E0D3,Dinga Dispensary,Primary,Health Post,Health Post,Public,Unknown,Functional,Toro,Tama,10.532486,8.980381,,,0,Valid
SN_6BEFB24068,Lumbu Dispensary,Primary,Health Post,Health Post,Public,Local Government,Unknown,Ningi,Kudu Yamma,11.11464787,9.331140663,,,0,Valid
SN_DFB746ADF7,Madobiya Health Post,Primary,Clinic,Clinic,Public,State Government,Unknown,Itas/Gadau,Bambal,11.7600695,9.6767106,,1.224,0,Valid
SN_6C6CF589A1,Dingis Health Post,Primary,Health Post,Health Post,Public,Unknown,Functional,Ningi,Dingis,11.15543069,9.552764959,,,2,Valid
SN_6D59E374C0,Gadar Maiwa Primary Health Centre,Primary,Primary Health Center,PHC,Public,State Government,Unknown,Ningi,Jangu,10.9352991,9.5991299,,9.925,0,Valid
SN_E6BEDFA322,Kumbala Health Clinic,Primary,Primary Health Center,PHC,Public,State Government,Unknown,Alkaleri,Lim Kundak,9.8926902,10.0409077,,9.219,0,Valid
SN_6CB8BE89DA,Balau Primary Health Care,Primary,Primary Health Center,PHC,Public,Local Government,Unknown,Toro,Wonu North,10.2361,9.00904,,,0,Valid
SN_6DD07950EC,Zongo Maternal And Child Health Clinic,Primary,Primary Health Center,PHC,Public,Local Government,Functional,Tafawa-Balewa,Wai A,9.7587,9.365678,,,0,Valid
SN_6257CE86E2,Gursoli Health Clinic,Primary,Clinic,Clinic,Public,State Government,Unknown,Katagum,Matsango,11.6622497,10.2322567,,9.5,0,Valid
SN_20658C7493,Gulmo Primary Health Centre,Primary,Primary Health Center,PHC,Public,State Government,Unknown,Itas/Gadau,Atafowa,11.8743339,10.084598,,5.365,1,Valid
SN_6F87E8D7F1,Jalla Koji Dispensary,Unknown,Unknown,Unknown,Unknown,Unknown,Unknown,Toro,Wonu South,10.16781,9.09097,,,0,Valid
SN_1BF465E8D1,Shuwaki Health Post,Primary,Health Post,Health Post,Public,State Government,Unknown,Ningi,Bashe,11.3096427,9.0892717,,9.679,1,Valid
SN_CD35292F23,Futti Health Post,Primary,Health Post,Health Post,Public,State Government,Unknown,Zaki,Tashena,12.239894,10.2876308,,6.95,1,Valid
SN_16F6D0127B,Gadiya Model Primary Health Center Primary Health Centre,Primary,Primary Health Center,PHC,Public,State Government,Unknown,Gamawa,Gadiya,11.9636356,10.4503705,,3.9,0,Valid
SN_31E370A0B4,Gwaram Primary Health Centre,Primary,Primary Health Center,PHC,Public,State Government,Unknown,Misau,Gwaram,11.4620944,10.5802878,,3.9,0,Valid
SN_71559B117B,Fuskan Mata Primary Health Center,Primary,Primary Health Center,PHC,Public,Unknown,Functional,Toro,Toro,10.05638504,9.039045391,,,0,Valid
SN_71BE4A126C,Num Cocin Clinic,Primary,Clinic,Clinic,Private,Unknown,Unknown,Tafawa-Balewa,Lere South,9.63329,9.41901,,,0,Valid
SN_71C947BFD6,Sabon Garin Tulu Dispensary,Primary,Health Post,Health Post,Public,Unknown,Unknown,Toro,Zalau,10.40528,9.00589,,,1,Valid
SN_71D3DC8890,Pukdi Primary Health Clinic,Primary,Primary Health Center,PHC,Public,Unknown,Unknown,Tafawa-Balewa,Tapshin,9.497070313,9.5703125,,,2,Valid
SN_103EAFFDF3,Sorodo Primary Health Centre,Primary,Primary Health Center,PHC,Public,State Government,Unknown,Shira,Tumfafi,11.4672617,10.2209883,,8.7,0,Valid
SN_F840EFD7E2,Zuwall Primary Health Centre,Primary,Primary Health Center,PHC,Public,State Government,Unknown,Tafawa-Balewa,Wai B,9.8367767,9.4740067,,7.8,1,Valid
SN_4C34517E1C,Guddu Primary Health Centre,Primary,Clinic,Clinic,Public,State Government,Unknown,Shira,Faggo B,11.4750607,9.9473292,,0.998,0,Valid
SN_73B61EF392,Low Cost Health Clinic,Primary,Clinic,Clinic,Public,Unknown,Unknown,Warji,Katanga,11.17403487,9.751036574,,,0,Valid
SN_741DC2258E,Dabe Primary Health Center,Primary,Primary Health Center,PHC,Public,Unknown,Unknown,Kirfi,Dewu,10.52567,10.48662,,,0,Valid
SN_C26BA79EB2,Gauya Health Post,Primary,Clinic,Clinic,Public,State Government,Unknown,Zaki,Mainako South,12.3956789,10.4740922,,8.14,0,Valid
SN_04F14999A1,Kawarin Gatsina Primary Health Centre,Primary,Clinic,Clinic,Public,State Government,Unknown,Ganjuwa,Kariya B,11.0382086,9.7018844,,4.04,0,Valid
SN_455E9E7568,Gilar Primary Health Centre,Primary,Clinic,Clinic,Public,State Government,Unknown,Jama'are,Dogon Jeji C,11.717665,9.957845,,6.5,0,Valid
SN_74FB6B2D4E,Sabon Kariya Dispensary,Primary,Health Post,Health Post,Public,Unknown,Functional,Ganjuwa,Kariya A,10.86908722,9.75544279,,,0,Valid
SN_75A7A0BAFB,Fomwarn Health Center,Primary,Health Center,PHC,Private,Not For Profit,Functional,Bauchi,Dawaki,10.327234,9.857289,,,0,Valid
SN_75C0DED6C7,Kunzun Health Post,Primary,Health Post,Health Post,Public,Unknown,Functional,Alkaleri,Dan,9.79917,10.15352,,,0,Valid
SN_A738F421CA,Gagidiba Primary Health Centre,Primary,Clinic,Clinic,Public,State Government,Unknown,Shira,Gagidiba,11.5745125,9.9644981,,1.504,0,Valid
SN_EC8B6FEA0F,Dorawa Health Post,Primary,Health Post,Health Post,Public,State Government,Unknown,Damban,Jalam,11.576188,10.9178805,,1.599,1,Valid
SN_CACE50E554,Galen Mansur Health Clinic,Primary,Clinic,Clinic,Public,State Government,Unknown,Alkaleri,Mansur,9.6236679,10.6594159,,9.0,0,Valid
SN_76C8F65246,Jamaare General Hospital,Secondary,General Hospital,Hospital,Public,State Government,Functional,Jama'are,Jamaare C,11.65697701,9.93000171,,,0,Valid
SN_7764B2E80B,Kazuba Dispensary,Primary,Health Post,Health Post,Public,Unknown,Unknown,Darazo,Yautare,10.87969971,10.60247803,,,0,Valid
SN_77C3FB496F,Rajiyar Malam Dispensary,Unknown,Unknown,Unknown,Unknown,Unknown,Unknown,Bauchi,Miri,10.23779013,9.636902409,,,0,Valid
SN_EDEDEAC374,Tubule Health Clinic,Primary,Primary Health Center,PHC,Public,State Government,Unknown,Kirfi,Tubule,10.4596677,10.6692236,,5.033,0,Valid
SN_7814E708E7,Kafin Sarki Yaki Health Clinic,Primary,Clinic,Clinic,Public,Unknown,Unknown,Kirfi,Shongo,10.53736452,10.41199173,,,0,Valid
SN_7818A811B1,Tumbi Dispensary,Unknown,Unknown,Unknown,Unknown,Unknown,Unknown,Ganjuwa,Kubi A,10.5826,10.32457,,,0,Valid
SN_B1B63E8866,Miya Dispensary,Primary,Health Post,Health Post,Public,Local Government,Functional,Ganjuwa,Miya A,10.89261,9.831,,,0,Valid
SN_DFD42C2948,Geji Primary Health Centre,Primary,Primary Health Center,PHC,Public,State Government,Unknown,Toro,Rauta/Geji,10.2922951,9.6452457,,8.594,0,Valid
SN_788B8EF4FF,Dasham Bakin Kogi Health Clinic,Primary,Clinic,Clinic,Public,Unknown,Unknown,Tafawa-Balewa,Wai B,9.79129,9.54747,,,0,Valid
SN_793B3945F8,Murtala Isiyaku Health Post,Unknown,Unknown,Unknown,Unknown,Unknown,Unknown,Ningi,Kudu Yamma,10.93697542,9.42490042,,,2,Valid
SN_C58EF63B2B,Sakare Health Clinic,Primary,Clinic,Clinic,Public,State Government,Unknown,Tafawa-Balewa,Mball,9.8688121,9.7924371,,0.976,0,Valid
SN_B915A773BA,Alangawari Primary Health Centre,Primary,Primary Health Center,PHC,Public,State Government,Unknown,Zaki,Kafin Larabawa,11.9426114,10.3813882,,5.172,1,Valid
SN_4A968AEC8D,Yelwan Duguri Model Primary Health Center,Primary,Primary Health Center,PHC,Public,Local Government,Functional,Alkaleri,Dan,9.960008049,10.18394813,,,0,Valid
SN_A593D07963,Magarya Health Post,Primary,Health Post,Health Post,Public,State Government,Unknown,Giade,Zirami,11.6123659,10.3358959,,7.1,0,Valid
SN_D1B432A2B1,Badel Primary Health Centre,Primary,Primary Health Center,PHC,Public,State Government,Unknown,Dass,Bununu West,9.971925,9.4730141,,4.549,0,Valid
SN_45CAFA4EC5,Itas General Hospital,Secondary,General Hospital,Hospital,Public,State Government,Functional,Itas/Gadau,Itas,11.852752,9.968384,,,0,Valid
SN_9A4A6E2FDF,Garin Jarmi Dispensary,Primary,Primary Health Center,PHC,Public,State Government,Unknown,Damban,Janda,11.4540066,10.8977589,,9.4,0,Valid
SN_7C48837006,Ola Clinic,Primary,Clinic,Clinic,Public,Unknown,Unknown,Tafawa-Balewa,Wai B,9.770566226,9.545606504,,,0,Valid
SN_F42B826474,Pali Health Clinic,Primary,Primary Health Center,PHC,Public,State Government,Unknown,Alkaleri,Pali East,10.0862962,10.5138363,,9.266,0,Valid
SN_9F138DF681,Jahun Under Five Health Clinic,Primary,Primary Health Center,PHC,Public,State Government,Unknown,Bauchi,Makama A,10.3019793,9.8398007,,9.733,0,Valid
SN_62E037458E,Lugge Health Post,Primary,Health Post,Health Post,Public,State Government,Unknown,Darazo,Darazo West,10.9618817,10.3474017,,7.6,0,Valid
SN_1B2A7A9ECC,Didim Primary Health Centre,Primary,Clinic,Clinic,Public,State Government,Unknown,Darazo,Garu,11.4480262,10.9156244,,9.6,2,Valid
SN_7D3C38DBC4,Gadau Primary Health Clinic,Primary,Primary Health Center,PHC,Public,Unknown,Unknown,Itas/Gadau,Gadau,11.84387207,10.16967773,,,0,Valid
SN_7D5413C28C,Duna Dispensary,Primary,Health Post,Health Post,Public,Unknown,Unknown,Ningi,Bashe,11.02317,8.82365,,,0,Valid
SN_7E04964022,Badara Health Post,Primary,Health Post,Health Post,Public,Local Government,Functional,Alkaleri,Birin Gigyara,10.014497,10.13160627,,,0,Valid
SN_7E39728BB6,Wabi Clinic,Primary,Clinic,Clinic,Public,Local Government,Functional,Jama'are,Jamaare D,11.66942667,9.91962535,,,0,Valid
SN_7F324B1A62,Mamiso Hospital,Primary,Hospital,Hospital,Private,Unknown,Unknown,Ningi,Burra,11.07523,8.88394,,,0,Valid
SN_7FBB3539B5,Wai A Primary Health Care,Primary,Primary Health Center,PHC,Public,Unknown,Unknown,Tafawa-Balewa,Wai A,9.817802169,9.438025341,,,0,Valid
SN_BE0AD4AB49,Fanti Primary Health Centre,Primary,Primary Health Center,PHC,Public,State Government,Unknown,Alkaleri,Gar,10.07006,10.27794,,8.7,0,Valid
SN_48DB5AB6FF,Baguba Maternity Primary Health Centre,Primary,Clinic,Clinic,Public,State Government,Unknown,Darazo,Wahu,11.3920238,10.6864091,,4.566,0,Valid
SN_022BC66F40,Shakalame Health Post,Primary,Health Post,Health Post,Public,State Government,Unknown,Ningi,Bashe,11.1969387,9.1408201,,8.343,1,Valid
SN_80EA1E3E46,Nakwang B Primary Health Center,Primary,Primary Health Center,PHC,Public,Unknown,Unknown,Toro,Palama,9.885070801,9.241516113,,,2,Valid
SN_EE757D6B5D,Siri Babba Health Post,Primary,Health Post,Health Post,Public,State Government,Unknown,Ganjuwa,Miya C,10.8095683,9.7533933,,2.4,0,Valid
SN_613BB5FF2A,Bakar Kuka Health Clinic,Primary,Clinic,Clinic,Public,State Government,Unknown,Itas/Gadau,Atafowa,12.0012762,10.1214259,,1.766,0,Valid
SN_8261436962,Aru Maternity,Primary,Maternity Home,Maternity,Public,Unknown,Functional,Warji,Tiyin A,11.148647,9.866685,,,2,Valid
SN_82C9667DE1,Shira Yana General Hospital,Secondary,General Hospital,Hospital,Public,State Government,Functional,Shira,Yana,11.44635678,10.03436045,,,0,Valid
SN_8392381D69,Lariye Dispensary,Unknown,Unknown,Unknown,Unknown,Unknown,Unknown,Gamawa,Udubo North East,11.94695,10.7614,,,0,Valid
SN_1C93302EEF,Dabarbaga Health Post,Primary,Health Post,Health Post,Public,State Government,Unknown,Ningi,Bashe,11.0979575,8.8559391,,9.102,0,Valid
SN_83E46B5DF2,Yamrat Dispensary,Primary,Health Post,Health Post,Public,Unknown,Unknown,Bauchi,Yamrat,10.10791016,9.811523437,,,0,Valid
SN_1FA073CE31,K / Larabawa Primary Health Centre,Primary,Primary Health Center,PHC,Public,State Government,Unknown,Zaki,Kafin Larabawa,11.9389499,10.2958087,,4.545,0,Valid
SN_5C67F103C4,Bura Primary Health Centre,Primary,Primary Health Center,PHC,Public,State Government,Unknown,Zaki,Murmur South,12.0368194,10.2750723,,6.25,0,Valid
SN_84863D1189,Bukka Dispensary,Primary,Health Post,Health Post,Public,Unknown,Unknown,Toro,Tulai,10.04413,9.1728,,,0,Valid
SN_8590AA49D4,Zaki Health Center,Primary,Health Center,PHC,Public,Unknown,Functional,Bogoro,Bogoro,9.660979545,9.597938684,,,1,Valid
SN_85C3F307EF,Gorondo Primary Health Centre,Primary,Primary Health Center,PHC,Public,State Government,Unknown,Ganjuwa,Miya B,10.9367295,10.0298709,,7.7,0,Valid
SN_D61441A848,Dagayari Health Post,Primary,Health Post,Health Post,Public,State Government,Unknown,Katagum,Gangai,11.5185883,10.5359394,,6.0,0,Valid
SN_98845191F6,K / Madaki Primary Health Centre,Primary,Primary Health Center,PHC,Public,State Government,Unknown,Ganjuwa,Kafin Madaki A,10.6868109,9.7561999,,9.522,0,Valid
SN_79DBD41A46,Yalwan Kagadama Primary Health Centre,Primary,Primary Health Center,PHC,Public,State Government,Unknown,Bauchi,Birshi,10.265985,9.7928417,,3.759,2,Valid
SN_30558734B7,Maijuju Tasha Health Centre,Primary,Primary Health Center,PHC,Public,State Government,Unknown,Tafawa-Balewa,Kardam B,9.7433802,9.1575842,,8.04,0,Valid
SN_23A48BB8CB,Jalingo Health Post,Primary,Health Post,Health Post,Public,State Government,Unknown,Bauchi,Galambi,10.12017,10.1492883,,8.6,0,Valid
SN_86B3E58801,Kubi Maternity,Primary,Maternity Home,Maternity,Public,Unknown,Unknown,Bauchi,Makama A,10.29956,9.84353,,,0,Valid
SN_CC8C95E322,Tumbi Primary Health Centre,Primary,Primary Health Center,PHC,Public,State Government,Unknown,Gamawa,Tumbi,12.2641529,10.5863725,,3.9,0,Valid
SN_87FD27F5DD,Doguwa Dispensary,Primary,Health Post,Health Post,Public,Unknown,Unknown,Giade,Doguwa,11.38153076,10.15887451,,,0,Valid
SN_7C1C8ED56C,Banram Primary Health Centre,Primary,Primary Health Center,PHC,Public,State Government,Unknown,Bogoro,Lusa,9.5488934,9.7528689,,8.782,1,Valid
SN_31D5807627,Bishi Primary Health Centre,Primary,Primary Health Center,PHC,Public,State Government,Unknown,Bauchi,Kangere,10.2529907,10.090889,,4.409,0,Valid
SN_89A8AE45D0,Dorong Primary Health Center,Primary,Primary Health Center,PHC,Public,Unknown,Functional,Toro,Palama,9.9157786,9.2323104,,,2,Valid
SN_B1CE7ED0F9,Mashema Healthcenter Primary Health Centre,Primary,Primary Health Center,PHC,Public,State Government,Unknown,Itas/Gadau,Mashema,11.7853733,9.94416,,7.3,0,Valid
SN_89ED782F45,Pingel Dispensary,Primary,Health Post,Health Post,Public,Unknown,Unknown,Toro,Wonu South,10.20172206,9.050907359,,,0,Valid
SN_937539B709,Baba Primary Health Centre,Primary,Primary Health Center,PHC,Public,State Government,Unknown,Kirfi,Badara,10.3594223,10.37171,,9.65,1,Valid
SN_8AFB9097C8,Shaw Dispensary,Primary,Health Post,Health Post,Public,Unknown,Unknown,Toro,Wonu North,10.28325,9.08824,,,1,Valid
SN_5246FBE5FE,Ung Rimi Primary Health Centre,Primary,Primary Health Center,PHC,Public,State Government,Unknown,Bogoro,Boi,9.6424453,9.4958155,,4.955,1,Valid
SN_97DD93A857,Ingila Health Clinic,Primary,Clinic,Clinic,Public,State Government,Unknown,Warji,Zurgwai,11.0629464,9.6960688,,5.953,2,Valid
SN_8B95385966,Tudun Wada Dsp,Primary,Primary Health Center,PHC,Public,Unknown,Unknown,Warji,Tudun Wada,11.22528076,9.650878906,,,0,Valid
SN_8BC10F5DD7,Gungura Dispensary,Primary,Health Post,Health Post,Public,Unknown,Unknown,Bauchi,Dan Iya,10.29213,9.8459,,,0,Valid
SN_EE30CC38FB,Matawai Primary Health Centre,Primary,Primary Health Center,PHC,Public,State Government,Unknown,Toro,Rahama,10.5069962,8.7755874,,6.569,0,Valid
SN_8C1B30460A,Dass Health Center,Primary,Health Center,PHC,Public,Unknown,Unknown,Ningi,Ari,10.99883,9.51623,,,0,Valid
SN_8C441914A4,Chediya Dispensary,Primary,Health Post,Health Post,Public,Unknown,Functional,Toro,Wonu South,10.20113,9.00749,,,1,Valid
SN_BF61E10145,Luda Primary Health Centre,Primary,Primary Health Center,PHC,Public,State Government,Unknown,Bauchi,Dan Dango,10.0450181,9.8718814,,8.957,1,Valid
SN_8C9CDEA89C,Burku Dispensary,Primary,Health Post,Health Post,Public,Unknown,Functional,Toro,Tama,10.80681,8.945813,,,0,Valid
SN_C29E294709,Ungwar Falke Health Post,Primary,Primary Health Center,PHC,Public,State Government,Unknown,Bauchi,Zungur,9.947455,9.8652717,,7.0,0,Valid
SN_8CB30F6B17,Mai Nassara Nursing Home,Primary,Nursing / Convalescent Home,Other,Private,For Profit,Functional,Toro,Mara,10.13628,9.282949,,,0,Valid
SN_66A4FB3C89,Dagaro Primary Health Centre,Primary,Primary Health Center,PHC,Public,State Government,Unknown,Katagum,Bulkachuwa,11.5797328,10.4651139,,3.95,1,Valid
SN_8D9458DE71,Gudduba Health Post,Primary,Health Post,Health Post,Public,Unknown,Functional,Ningi,Dingis,11.13767482,9.586514878,,,2,Valid
SN_8DA589D9AD,Kanaderi Dispensary,Primary,Health Post,Health Post,Public,Unknown,Unknown,Itas/Gadau,Kashuri,11.90017,10.3514258,,,0,Valid
SN_C9932F5738,Garin Hamza Primary Health Centre,Primary,Primary Health Center,PHC,Public,State Government,Unknown,Alkaleri,Futuk West,9.8760533,10.9347883,,8.8,0,Valid
SN_8E0067BBA7,Sabuwar Kariya Dispensary,Primary,Health Post,Health Post,Public,Local Government,Functional,Ganjuwa,Miya A,10.90452,9.8416,,,1,Valid
SN_7E42A508F4,Kastalle Health Clinic,Primary,Clinic,Clinic,Public,State Government,Unknown,Katagum,Kasuwar Kaji,11.6685877,10.1795131,,10.0,0,Valid
SN_8E28411E96,Dass General Hospital,Secondary,General Hospital,Hospital,Public,State Government,Functional,Dass,Bundot,10.00440763,9.518718117,,,0,Valid
SN_8E39C41CC5,Taimako Health Clinic,Primary,Clinic,Clinic,Private,For Profit,Functional,Bauchi,Liman Katagum,10.014209,9.778218,,,0,Valid
SN_8E7AE55F88,Phalycoon Hospital,Primary,Hospital,Hospital,Private,Unknown,Functional,Bauchi,Dan Iya,10.31940218,9.81553849,,,0,Valid
SN_6EB40F6A4C,Bazanshi Primary Health Centre,Primary,Clinic,Clinic,Public,State Government,Unknown,Bogoro,Bogoro,9.7148712,9.5288695,,8.767,1,Valid
SN_8EDA2B6F17,Kuulgha Health Clinic,Primary,Clinic,Clinic,Public,Unknown,Unknown,Bogoro,Gobbiya,9.644484031,9.713431465,,,0,Valid
SN_8F00BEA115,Lusa Maternal And Child Health,Primary,Maternity Home,Maternity,Public,Unknown,Unknown,Bogoro,Lusa,9.60637,9.59197,,,1,Valid
SN_6918931E11,Amarchiyari Primary Health Centre,Primary,Clinic,Clinic,Public,State Government,Unknown,Gamawa,Kofan Romi,12.1349273,10.4504152,,2.933,0,Valid
SN_314DF81DA1,Sabon Sara Primary Health Centre,Primary,Primary Health Center,PHC,Public,State Government,Unknown,Giade,Sabon Sara A,11.4322437,10.3022494,,9.15,0,Valid
SN_8F6492E340,Tongrot Health Clinic,Primary,Clinic,Clinic,Private,For Profit,Functional,Bogoro,Boi,9.560271667,9.50509,,,0,Valid
SN_7269B726E8,Yalwan Zumbul Health Post,Primary,Health Post,Health Post,Public,State Government,Unknown,Dass,Zumbul,10.0383932,9.4216717,,7.51,0,Valid
SN_902499AA29,Unguwar Falke Dispensary,Primary,Health Post,Health Post,Public,Local Government,Functional,Bauchi,Zungur,9.96149,9.879146,,,2,Valid
SN_8F24BA6D86,Gyara Primary Health Centre,Primary,Primary Health Center,PHC,Public,State Government,Unknown,Itas/Gadau,Mashema,11.7900344,9.9826853,,1.58,1,Valid
SN_DF81613FBB,Lim Primary Health Centre,Primary,Primary Health Center,PHC,Public,State Government,Unknown,Tafawa-Balewa,Bununu B,9.8056136,9.7124364,,8.881,0,Valid
SN_63CA1616A3,Dalangah Primary Health Centre,Primary,Clinic,Clinic,Public,State Government,Unknown,Bogoro,Bogoro,9.6588936,9.5501365,,9.386,1,Valid
SN_A17E76F960,Zungur Primary Health Centre,Primary,Primary Health Center,PHC,Public,State Government,Unknown,Bauchi,Zungur,9.9698917,9.7884017,,5.8,0,Valid
SN_91B06729F9,Yola Kofa Kudu Health Post,Primary,Health Post,Health Post,Public,Local Government,Functional,Jama'are,Yola,11.68404866,9.96292213,,,0,Valid
SN_3A39624B78,Abunari Primary Health Centre,Primary,Primary Health Clinic,PHC,Public,State Government,Unknown,Giade,Sabon Sara B,11.4817225,10.2733793,,2.22,0,Valid
SN_4666055133,Kiri Kasosi Health Post,Primary,Health Post,Health Post,Public,State Government,Unknown,Gamawa,Tumbi,12.2979796,10.5960354,,1.798,0,Valid
SN_926FAFE5EF,Aisha Yuguda Under 5 Health Clinic,Primary,Clinic,Clinic,Public,Unknown,Functional,Darazo,Darazo West,11.003295,10.409469,,,0,Valid
SN_756D9E7AFE,Bani Primary Health Centre,Primary,Primary Health Center,PHC,Public,State Government,Unknown,Kirfi,Bara,10.3745433,10.78245,,4.3,1,Valid
SN_9AFC90C23C,Gid Gid Hamma Primary Health Centre,Primary,Clinic,Clinic,Public,State Government,Unknown,Tafawa-Balewa,Dull A,9.5977673,9.8068292,,3.42,0,Valid
SN_2A64F7D9ED,Kwagal Primary Health Centre,Primary,Primary Health Center,PHC,Public,State Government,Unknown,Kirfi,Kirfi,10.287855,10.5888733,,9.2,1,Valid
SN_8E67FD41DC,Kore Primary Health Centre,Primary,Primary Health Center,PHC,Public,State Government,Unknown,Gamawa,Kore,12.2748447,10.3698326,,9.94,0,Valid
SN_9559039A24,The Peoples Clinic,Primary,Clinic,Clinic,Private,Unknown,Unknown,Bauchi,Dan Kade,10.31961806,9.838031935,,,0,Valid
SN_95A44E406C,Tudun Wada Dispensary,Primary,Health Post,Health Post,Public,Unknown,Unknown,Toro,Tilde,10.06865255,9.00836132,,,0,Valid
SN_D82CD66CB7,Disina Primary Health Centre,Primary,Primary Health Center,PHC,Public,State Government,Unknown,Shira,Disina,11.4770297,9.9146506,,9.7,0,Valid
SN_965B7E80D3,Walowa Dispensary,Primary,Health Post,Health Post,Public,Unknown,Functional,Katagum,Buskuri,11.70542,10.36189,,,0,Valid
SN_96B14D6C3A,Dagayari Dispensary,Primary,Health Post,Health Post,Public,Unknown,Functional,Katagum,Yayu,11.53691257,10.54149814,,,1,Valid
SN_96B482130F,Keffi Clinic,Secondary,Clinic,Clinic,Private,For Profit,Functional,Bauchi,Birshi,10.261283,9.783989,,,0,Valid
SN_96D898D50C,Kilbori Primary Health Center,Primary,Primary Health Center,PHC,Public,Unknown,Functional,Shira,Kilbori B,11.46032715,10.11047363,,,0,Valid
SN_42B98D2D79,Agwarmaji Health Clinic,Primary,Clinic,Clinic,Public,State Government,Unknown,Ningi,Bashe,11.3232219,9.135585,,9.102,1,Valid
SN_975E8118F7,Zandi Primary Health Center,Primary,Primary Health Center,PHC,Public,Local Government,Unknown,Toro,Palama,9.84513,9.24767,,,1,Valid
SN_9792B601A1,Katagum General Hospital,Secondary,General Hospital,Hospital,Public,State Government,Functional,Zaki,Katagum,12.28532,10.33907,,,0,Valid
SN_7E763A2132,Badakoshi Health Post,Primary,Health Post,Health Post,Public,State Government,Unknown,Damban,Jalam,11.5079611,10.8202875,,1.327,1,Valid
SN_794D00988C,Juwa Primary Health Centre,Primary,Clinic,Clinic,Public,State Government,Unknown,Tafawa-Balewa,Kardam B,9.7589216,9.2203591,,10.0,0,Valid
SN_985076E314,Wando Dispensary 5,Primary,Health Post,Health Post,Public,Unknown,Unknown,Ningi,Tiffi,11.12673,9.63482,,,1,Valid
SN_70E948B89E,Gwarai Maternal And Child Health,Primary,Primary Health Center,PHC,Public,State Government,Unknown,Itas/Gadau,Gwarai,11.8158475,9.9008617,,9.1,0,Valid
SN_F432697318,Badikko Health Post,Primary,Health Post,Health Post,Public,State Government,Unknown,Toro,Wonu South,10.1719645,9.0934008,,9.424,0,Valid
SN_37AE300472,Buri-Buri Health Post,Primary,Health Post,Health Post,Public,State Government,Unknown,Ganjuwa,Gungura A,10.7207737,10.485122,,2.405,0,Valid
SN_9888033390,Badungo Model Primary Health Care Center,Primary,Primary Health Center,PHC,Public,Unknown,Unknown,Ningi,Balma,11.279373,9.466409,,,2,Valid
SN_D3996DDC4D,Bongah Primary Health Centre,Primary,Clinic,Clinic,Public,State Government,Unknown,Bogoro,Lusa,9.6267714,9.5614971,,6.288,0,Valid
SN_997A4E3205,Guraka Dispensary,Primary,Health Post,Health Post,Public,Unknown,Unknown,Toro,Zaranda,10.40323,9.5187,,,0,Valid
SN_9ACC510C4F,Giade Maternity Child Health,Primary,Maternity Home,Maternity,Public,Unknown,Functional,Giade,Giade A,11.38741001,10.18580316,,,3,Valid
SN_6394A55288,Dagele Health Post,Primary,Health Post,Health Post,Public,State Government,Unknown,Ganjuwa,Nassarawa B,10.5925717,10.135505,,9.5,0,Valid
SN_9BFC58B0A0,Bure Dispensary,Primary,Health Post,Health Post,Public,Unknown,Unknown,Kirfi,Kwagal,10.32891,10.52519,,,0,Valid
SN_9CC34CCCC1,Kub Maternity,Primary,Maternity Home,Maternity,Public,Unknown,Functional,Bauchi,Hardo,10.31379719,9.840022909,,,2,Valid
SN_9D1A87A835,Mika Tsafon Gari Primary Health Center,Primary,Primary Health Center,PHC,Public,Unknown,Functional,Bauchi,Tirwun,10.3488633,9.8719713,,,0,Valid
SN_9D70395F95,Gar Maternity Child Health,Primary,Maternity Home,Maternity,Public,Unknown,Functional,Alkaleri,Gar,10.01034,10.16094,,,2,Valid
SN_9E31A9DB23,Gudun Hausawa Primary Health Center,Primary,Primary Health Center,PHC,Public,Unknown,Unknown,Bauchi,Tirwun,10.282721,9.871231,,,2,Valid
SN_9E6B6AA70C,Gambar Community Health Center,Primary,Primary Health Clinic,PHC,Public,Local Government,Functional,Bogoro,Gambar,9.555643333,9.46523,,,0,Valid
SN_9ED98CBBC1,Dambam Town Maternity,Primary,Maternity Home,Maternity,Public,Unknown,Functional,Damban,Dambam A,11.68109131,10.7086792,,,0,Valid
SN_9F1A40FE8A,Liman Hospital Kwabi,Primary,Hospital,Hospital,Private,Unknown,Unknown,Toro,Zaranda,10.28133,9.48722,,,1,Valid
SN_9F380CA60B,Gamawa General Hospital,Secondary,General Hospital,Hospital,Public,State Government,Functional,Gamawa,Gamawa North,12.138623,10.532315,,,0,Valid
SN_9F451E3CF3,Songsong Primary Health Clinic,Primary,Primary Health Center,PHC,Public,Unknown,Unknown,Bogoro,Boi,9.541870117,9.57208252,,,2,Valid
SN_7467790CD9,Kajala Primary Health Centre,Primary,Primary Health Center,PHC,Public,State Government,Unknown,Ningi,Sama,10.8986208,9.1042608,,9.186,1,Valid
SN_441E3636CE,Madakiri Maternal And Child Health,Primary,Primary Health Center,PHC,Public,State Government,Unknown,Misau,Beti,11.3230133,10.3170583,,3.9,0,Valid
SN_9FD7A254C5,Poly Clinic,Unknown,Unknown,Unknown,Unknown,Unknown,Unknown,Bauchi,Birshi,10.257699,9.769999,,,0,Valid
SN_9267DAA145,Kaisawa Yamma Health Post,Primary,Health Post,Health Post,Public,State Government,Unknown,Gamawa,Alagarno,12.2613582,10.5046251,,9.8,1,Valid
SN_A047CF3B6A,Lame Maternity,Primary,Maternity Home,Maternity,Public,Local Government,Functional,Toro,Lame,10.445172,9.244171,,,0,Valid
SN_4C41FF2852,Rigar Gamji Primary Health Centre,Primary,Primary Health Center,PHC,Public,State Government,Unknown,Misau,Gwaram,11.4859401,10.4974306,,8.687,0,Valid
SN_A23DD5E46C,Wahu Health Clinic,Primary,Clinic,Clinic,Public,Local Government,Functional,Damban,Garuza,11.62671,10.71853,,,2,Valid
SN_921B09FB8D,Baram Gada Health Clinic,Primary,Health Post,Health Post,Public,State Government,Unknown,Bauchi,Birshi,10.1900317,9.7164417,,1.5,0,Valid
SN_AF9F41FF84,Gambaki Primary Health Centre,Primary,Primary Health Center,PHC,Public,State Government,Unknown,Katagum,Gambaki,11.5811626,10.3606189,,8.075,0,Valid
SN_733EECAFD5,Mai Ari Health Clinic,Primary,Clinic,Clinic,Public,State Government,Unknown,Alkaleri,Maimadi,10.0167674,10.6824902,,8.35,0,Valid
SN_0024A37B1A,Bunga Health Clinic,Primary,Clinic,Clinic,Public,State Government,Unknown,Warji,Dagu,11.0643221,9.6360578,,6.058,0,Valid
SN_8FA82E7850,Digare Primary Health Centre,Primary,Primary Health Center,PHC,Public,State Government,Unknown,Alkaleri,Yalo 2,9.6565787,10.7454818,,9.65,0,Valid
SN_F48FF1CC73,Bono Primary Health Centre,Primary,Primary Health Clinic,PHC,Public,State Government,Unknown,Shira,Gagidiba,11.5973998,9.9967734,,8.231,0,Valid
SN_A3FEC185B2,Tama Dispensary,Primary,Health Post,Health Post,Public,Unknown,Unknown,Toro,Tama,10.576005,9.028082,,,0,Valid
SN_A4034EFD94,Yuli Health Center,Primary,Health Center,PHC,Public,Unknown,Functional,Alkaleri,Yuli,9.694758,10.255336,,,2,Valid
SN_B7BB432557,Gwana Primary Health Centre,Primary,Primary Health Center,PHC,Public,State Government,Unknown,Alkaleri,Mansur,9.6492028,10.7509645,,8.7,1,Valid
SN_A4F3BA6C64,Madangala Dispensary,Primary,Health Post,Health Post,Public,Unknown,Unknown,Katagum,Madangala,11.67139798,10.14526508,,,0,Valid
SN_BD5E685EBB,Kafin Sule Primary Health Centre,Primary,Primary Health Center,PHC,Public,State Government,Unknown,Misau,Beti,11.3798365,10.3430486,,2.453,1,Valid
SN_A5D6A637C5,Beddorgel Dispensary,Primary,Health Post,Health Post,Public,Unknown,Unknown,Jama'are,Galdimari,11.64910889,10.05670166,,,0,Valid
SN_A5FF9BF9F1,Zubo Dispensary,Primary,Health Post,Health Post,Public,Unknown,Unknown,Shira,Zubo,11.64367676,9.986083984,,,0,Valid
SN_2EC6778B44,Ririwain Dalma Health Post,Primary,Health Post,Health Post,Public,State Government,Unknown,Toro,Wonu North,10.2821328,8.9772104,,5.343,0,Valid
SN_B4142BE372,Balan Kanawa Primary Health Centre,Primary,Clinic,Clinic,Public,State Government,Unknown,Kirfi,Beni,10.6002884,10.4329538,,9.833,0,Valid
SN_A69BEDA324,Tashan Mai Allo Dispensary,Primary,Health Post,Health Post,Public,Local Government,Functional,Toro,Toro,10.06138,9.13417,,,1,Valid
SN_FC25F2BC95,Kankare Health Clinic,Primary,Clinic,Clinic,Public,State Government,Unknown,Warji,Tiyin B,11.1486513,9.8667229,,4.584,3,Valid
SN_5BF1EF8470,Tsagu Health Post,Primary,Health Post,Health Post,Public,State Government,Unknown,Ganjuwa,Miya B,10.9634132,9.937555,,10.0,0,Valid
SN_63C69438C7,Lagon Wahu Health Post,Primary,Health Post,Health Post,Public,State Government,Unknown,Darazo,Wahu,11.3780575,10.6197007,,6.8,0,Valid
SN_79F8892A68,Barwawari Health Post,Primary,Health Post,Health Post,Public,State Government,Unknown,Zaki,Maikawa,12.1834459,10.2373461,,7.066,0,Valid
SN_A87C958450,33 Artillery Brigade Medical Center,Secondary,Medical Center,Hospital,Public,Federal Government,Functional,Bauchi,Dan Iya,10.322769,9.816716,,,0,Valid
SN_AF4E962FF4,Kadallen Kanawa Primary Health Centre,Primary,Primary Health Center,PHC,Public,State Government,Unknown,Warji,Gabanga A,11.2530454,9.7985651,,5.941,0,Valid
SN_BA783593C5,Gwaram Primary Health Centre,Primary,Primary Health Center,PHC,Public,State Government,Unknown,Alkaleri,Gwaram A,10.2384854,10.2863998,,9.366,0,Valid
SN_AAF9ADD7F9,Unguwan Mahaukata Dispensary,Primary,Health Post,Health Post,Public,Unknown,Functional,Bauchi,Makama A,10.2937252,9.8395237,,,0,Valid
SN_0D4DE6EBCB,Tudun Jarkoya Health Post,Primary,Health Post,Health Post,Public,State Government,Unknown,Ningi,Burra,10.8896328,8.9695289,,7.7,1,Valid
SN_AB7C7D3240,Udubo Dispensary,Primary,Health Post,Health Post,Public,Local Government,Functional,Gamawa,Udubo Central,11.93975,10.63488,,,0,Valid
SN_21DA79C1D6,Palama Primary Health Centre,Primary,Primary Health Center,PHC,Public,State Government,Unknown,Toro,Mara,10.0284381,9.3330122,,9.428,1,Valid
SN_ABC2064A62,Maraba Mika Maternity Primary Health Center,Primary,Primary Health Center,PHC,Public,Unknown,Functional,Bauchi,Tirwun,10.3441828,9.8663881,,,0,Valid
SN_72FA81A477,Sabu Health Centre,Primary,Clinic,Clinic,Public,State Government,Unknown,Darazo,Konkiyel,11.1401517,10.4760417,,9.4,0,Valid
SN_FBED7B939F,Shirgiya Health Clinic,Primary,Clinic,Clinic,Public,State Government,Unknown,Ningi,Bashe,11.3171955,9.118469,,7.585,1,Valid
SN_F4C7A7C5F3,Zigau Primary Health Centre,Primary,Primary Health Center,PHC,Public,State Government,Unknown,Shira,Faggo B,11.4282254,9.9635123,,9.25,0,Valid
SN_38ED05F948,Chara Chara Health Post,Primary,Clinic,Clinic,Public,State Government,Unknown,Katagum,Madangala,11.7031717,10.17348,,9.1,0,Valid
SN_D5CB5519FF,Galagan Dutse Health Post,Primary,Clinic,Clinic,Public,State Government,Unknown,Dass,Bagel,10.1065096,9.4384675,,3.12,0,Valid
SN_AD85BE0353,Anguwar Malamai Maternity,Primary,Maternity Home,Maternity,Public,Unknown,Unknown,Ningi,Ningi East,11.07312,9.56929,,,0,Valid
SN_AAD9F3422A,Nasarawa Primary Health Centre,Primary,Primary Health Center,PHC,Public,State Government,Unknown,Jama'are,Jamaare D,11.6798898,9.9276137,,8.64,0,Valid
SN_A9AAD0A48D,Gwarbatu Health Post,Primary,Health Post,Health Post,Public,State Government,Unknown,Gamawa,Udubo Central,12.0675927,10.625121,,1.312,0,Valid
SN_AE1A80631B,Guruku Maternity,Primary,Maternity Home,Maternity,Public,Unknown,Unknown,Ganjuwa,Miya A,10.980837,9.811288,,,2,Valid
SN_AE263F36A3,Kayarda Primary Health Clinic,Primary,Primary Health Center,PHC,Public,Unknown,Unknown,Toro,Palama,9.978881836,9.240112305,,,2,Valid
SN_5C701B4B0C,Martin Daji Primary Health Centre,Primary,Clinic,Clinic,Public,State Government,Unknown,Tafawa-Balewa,Lere South,9.6857695,9.44104,,9.6,0,Valid
SN_F6F9897CC7,Garin Lesa Health Post,Primary,Health Post,Health Post,Public,State Government,Unknown,Darazo,Wahu,11.3821411,10.7340258,,6.535,0,Valid
SN_B0761CBEFF,Zamava Health Center,Primary,Health Center,PHC,Public,Unknown,Functional,Bogoro,Mwari,9.631377821,9.543088562,,,0,Valid
SN_A0D14DF01A,Daranji Primary Health Centre,Primary,Primary Health Center,PHC,Public,State Government,Unknown,Tafawa-Balewa,Kardam B,9.7485154,9.2739066,,9.6,1,Valid
SN_8ACC8AEFC9,Galda Health Post,Primary,Health Post,Health Post,Public,State Government,Unknown,Toro,Zaranda,10.2458579,9.5422113,,2.21,0,Valid
SN_B14CB5DF33,Lodiyo Maternity,Primary,Maternity Home,Maternity,Public,Unknown,Functional,Zaki,Lodiyo,12.33681,10.5773,,,0,Valid
SN_B15570B6B4,Ruga Maternity,Primary,Maternity Home,Maternity,Public,Unknown,Unknown,Alkaleri,Gwana,9.508117676,10.73352051,,,0,Valid
SN_64AFA2A928,Dantsang Maternal And Child Health,Primary,Primary Health Center,PHC,Public,State Government,Unknown,Bogoro,Bogoro,9.5963767,9.671485,,9.6,1,Valid
SN_B1990BA657,Tongrot Health Clinic Boi,Primary,Clinic,Clinic,Public,Unknown,Unknown,Tafawa-Balewa,Tapshin,9.50484,9.5604,,,1,Valid
SN_B218271186,Hardawa Maternity,Primary,Maternity Home,Maternity,Public,Local Government,Functional,Misau,Hardawa,11.42050108,10.46323255,,,0,Valid
SN_1375F0C8C6,Gijina Health Post,Primary,Health Post,Health Post,Public,State Government,Unknown,Itas/Gadau,Itas,11.8422059,9.9288587,,1.464,1,Valid
SN_B29009EADF,Boto Tuberculosis Health Center,Primary,Specialist Clinic,Clinic,Public,Unknown,Functional,Tafawa-Balewa,Kardam B,9.71876,9.22884,,,0,Valid
SN_B3500A896A,Unguwan Waje Clinic,Unknown,Unknown,Unknown,Unknown,Unknown,Unknown,Bogoro,Gambar,9.61568,9.46988,,,0,Valid
SN_B35AF5C387,Gubori Dispensary,Primary,Health Post,Health Post,Public,Unknown,Unknown,Gamawa,Udubo North East,12.01312256,10.80627441,,,0,Valid
SN_B438F50203,Kediya Dispensary,Primary,Health Post,Health Post,Public,Unknown,Functional,Bauchi,Dan Iya,10.2749,9.8446,,,0,Valid
SN_B4513AFCF4,Mosco Clinic,Primary,Clinic,Clinic,Public,Unknown,Functional,Alkaleri,Yuli,9.702540203,10.19072976,,,1,Valid
SN_F6997D2CED,Gabanga Maternal And Child Health,Primary,Primary Health Center,PHC,Public,State Government,Unknown,Warji,Gabanga A,11.224206,9.7890392,,9.758,0,Valid
SN_B4802D42A0,Gidan Ganji Primary Center,Primary,Primary Health Center,PHC,Public,Unknown,Unknown,Itas/Gadau,Itas,11.852921,9.963372,,,0,Valid
SN_D97A705814,Fada Primary Health Centre,Primary,Primary Health Center,PHC,Public,State Government,Unknown,Bauchi,Dan Amar A,10.3096711,9.8481179,,10.0,0,Valid
SN_63D0BF0B7B,Gizaki Primary Health Centre,Primary,Clinic,Clinic,Public,State Government,Unknown,Bogoro,Bogoro,9.5852123,9.6500321,,6.011,1,Valid
SN_6D88F4BBD4,Dambaji Health Post,Primary,Health Post,Health Post,Public,State Government,Unknown,Darazo,Yautare,10.8823053,10.6164549,,8.586,0,Valid
SN_B559FC7563,Sharaf Dispensary,Primary,Health Post,Health Post,Public,Unknown,Functional,Ningi,Nasaru A,11.30309553,9.51420418,,,0,Valid
SN_B5B69AF68D,Shira Health Clinic,Primary,Clinic,Clinic,Public,Local Government,Functional,Alkaleri,Kungibar,10.05012109,10.2788768,,,0,Valid
SN_B5C5100803,Limi Health Post,Primary,Health Post,Health Post,Public,Unknown,Functional,Ningi,Ningi East,11.11426078,9.57947106,,,0,Valid
SN_70973EDCC2,Guyaba Primary Health Centre,Primary,Primary Health Center,PHC,Public,State Government,Unknown,Kirfi,Beni,10.4037647,10.3549548,,9.666,1,Valid
SN_AA28135193,Bartak Pali Health Post,Primary,Health Post,Health Post,Public,State Government,Unknown,Alkaleri,Gar,10.0826417,10.1071119,,9.35,0,Valid
SN_B680B6239C,Cocin Primary Health Care,Primary,Primary Health Center,PHC,Private,Unknown,Unknown,Tafawa-Balewa,Wai B,9.764498057,9.550681935,,,0,Valid
SN_4656C3EE63,Changanawa Primary Health Centre,Primary,Primary Health Center,PHC,Public,State Government,Unknown,Jama'are,Galdimari,11.6633735,10.0635202,,8.7,0,Valid
SN_9D0E49783D,Galambi Health Post,Primary,Health Post,Health Post,Public,State Government,Unknown,Bauchi,Galambi,10.2038533,10.15984,,8.8,0,Valid
SN_5770DD79BE,Burga Primary Health Centre,Primary,Primary Health Center,PHC,Public,State Government,Unknown,Tafawa-Balewa,Dull B,9.8093234,9.8413212,,1.188,0,Valid
SN_CB9019B970,Saibure Primary Health Centre,Primary,Primary Health Center,PHC,Public,State Government,Unknown,Misau,Tofu,11.41043,10.45708,,3.9,0,Valid
SN_B7D0E6B37D,Futuk Health Clinic,Primary,Clinic,Clinic,Public,Unknown,Unknown,Alkaleri,Futuk East,9.82995,10.91087,,,0,Valid
SN_D302BA4B1A,Aido Primary Health Centre,Primary,Clinic,Clinic,Public,State Government,Unknown,Gamawa,Raga,11.8035881,10.5032498,,1.841,0,Valid
SN_07FF152ACB,Dago Health Post,Primary,Health Post,Health Post,Public,State Government,Unknown,Shira,Bangire,11.2933226,10.0112426,,9.333,0,Valid
SN_B886A0591D,Rimin Zayam Dispensary,Primary,Health Post,Health Post,Public,Unknown,Unknown,Toro,Mara,10.13867,9.283124,,,0,Valid
SN_B8A7BA2004,Dambam Health Clinic,Primary,Clinic,Clinic,Public,Local Government,Unknown,Damban,Dambam A,11.68628258,10.72078015,,,0,Valid
SN_B8A7BD67EC,Ungwar Pampo Dispensary,Primary,Health Post,Health Post,Public,Unknown,Unknown,Ganjuwa,Miya B,10.90991211,9.993103027,,,0,Valid
SN_B8B13FB58F,Hamdala Clinic,Secondary,Clinic,Clinic,Private,For Profit,Unknown,Katagum,Kasuwar Kaji,11.67830356,10.182151,,,0,Valid
SN_88A389BC7C,Lubai Health Post,Primary,Health Post,Health Post,Public,State Government,Unknown,Damban,Dagauda,11.630506,10.8313202,,2.29,1,Valid
SN_094EAB0E29,Lago Primary Health Centre,Primary,Primary Health Center,PHC,Public,State Government,Unknown,Darazo,Lago,11.1815195,10.4897769,,4.38,0,Valid
SN_BA5DE5E23B,Salama Health Clinic,Primary,Clinic,Clinic,Public,Unknown,Functional,Bogoro,Lusa,9.60650342,9.587586767,,,0,Valid
SN_B663914A5C,Jitar Primary Health Centre,Primary,Primary Health Center,PHC,Public,State Government,Unknown,Bauchi,Gwaskwaram,10.2393112,9.9336214,,7.1,0,Valid
SN_1EA69C96E0,Dabe Primary Health Centre,Primary,Primary Health Center,PHC,Public,State Government,Unknown,Ganjuwa,Nassarawa B,10.5254023,10.0867508,,5.8,0,Valid
SN_BAC41E3795,Myet Primary Health Clinic,Primary,Primary Health Center,PHC,Public,Unknown,Unknown,Tafawa-Balewa,Tapshin,9.47853,9.55047,,,0,Valid
SN_BDA3F2107D,Kili Health Clinic,Primary,Clinic,Clinic,Public,Unknown,Unknown,Kirfi,Kirfi,10.40174,10.44769,,,0,Valid
SN_A71DD95F36,Gwasamai Primary Health Centre,Primary,Primary Health Center,PHC,Public,State Government,Unknown,Katagum,Ragwam,11.7453432,10.0431157,,7.72,0,Valid
SN_C897ACB1E3,Liman Katagum Comprehensive Health Centre,Primary,Primary Health Center,PHC,Public,State Government,Unknown,Bauchi,Zungur,10.0204606,9.7656844,,7.463,1,Valid
SN_BE77F49FB3,Yalwa Dispensary,Unknown,Unknown,Unknown,Unknown,Unknown,Unknown,Giade,Sabon Sara A,11.38243253,10.25106646,,,0,Valid
SN_D9353D6958,Ganjigina Health Post,Primary,Health Post,Health Post,Public,State Government,Unknown,Darazo,Tauya East,10.7746676,10.5387614,,6.071,0,Valid
SN_AF9E61CFB1,Kafin Zakka Health Psot Primary Health Centre,Primary,Health Post,Health Post,Public,State Government,Unknown,Misau,Sarma,11.4931877,10.6625578,,5.749,0,Valid
SN_BF2F7F6123,Tashan Durumi,Primary,Primary Health Center,PHC,Public,Unknown,Functional,Toro,Jama A,10.222777,9.584336,,,0,Valid
SN_BF51DB25B8,Lame Dispensary,Primary,Health Post,Health Post,Public,Unknown,Unknown,Toro,Wonu South,10.26785,9.14667,,,1,Valid
SN_C025CFB13D,Fatsi Asibiti Health Post,Primary,Health Post,Health Post,Public,Unknown,Unknown,Warji,Tiyin A,11.166263,9.85336314,,,0,Valid
SN_B6BF029DF1,Maimadi Health Clinic,Primary,Primary Health Center,PHC,Public,State Government,Unknown,Alkaleri,Maimadi,10.1688482,10.7886553,,8.74,0,Valid
SN_D778F3C7DF,Shafa Primary Health Centre,Primary,Primary Health Center,PHC,Public,State Government,Unknown,Bauchi,Galambi,10.1539372,10.1290323,,9.2,0,Valid
SN_C12412C38C,Kawuri Health Clinic,Primary,Clinic,Clinic,Public,Unknown,Unknown,Bauchi,Dan Iya,10.28706328,9.848261627,,,0,Valid
SN_5681A77693,Bichiki Health Post,Primary,Health Post,Health Post,Public,State Government,Unknown,Toro,Rauta/Geji,10.2412402,9.6363051,,4.138,0,Valid
SN_C13824369A,Unguwar Sarkin Shanu Dispensary,Primary,Health Post,Health Post,Public,Unknown,Unknown,Alkaleri,Alkaleri East,10.26877,10.335484,,,0,Valid
SN_8D7AC4612B,Lirr Maternity Primary Health Centre,Primary,Clinic,Clinic,Public,State Government,Unknown,Dass,Bagel,10.0711347,9.5022463,,1.809,0,Valid
SN_C1DC93C365,Takandan Giwa Dispensary,Primary,Health Post,Health Post,Public,Unknown,Functional,Toro,Tulai,10.13356,9.27815,,,0,Valid
SN_C1F08DDCDA,Makana Dispensary,Primary,Health Post,Health Post,Public,Unknown,Unknown,Toro,Rahama,10.508446,8.808319,,,0,Valid
SN_C207A1A76C,Kukadi Maternity,Primary,Maternity Home,Maternity,Public,Unknown,Functional,Misau,Kukadi B,11.3029009,10.46213231,,,0,Valid
SN_C227031B41,Bujala Dispensary,Primary,Health Post,Health Post,Public,Unknown,Unknown,Jama'are,Yangamai,11.66419,9.85002,,,0,Valid
SN_C25FF85A7F,Nastin Dispensary,Primary,Health Post,Health Post,Public,Unknown,Unknown,Toro,Rauta/Geji,10.618429,9.616653,,,0,Valid
SN_C28F22A858,Disina Dispensary,Primary,Health Post,Health Post,Public,Unknown,Unknown,Shira,Disina A,11.48174,9.915658,,,0,Valid
SN_C37D2ECC64,Ganji Primary Health Centre,Primary,Primary Health Center,PHC,Public,Unknown,Functional,Ningi,Tiffi,11.13967,9.63139,,,0,Valid
SN_C386DF7D15,Tau Maternity,Primary,Maternity Home,Maternity,Public,Unknown,Functional,Alkaleri,Alkaleri West,10.26835,10.32987,,,1,Valid
SN_C3E132A197,Dana Gari Health Post,Primary,Health Post,Health Post,Public,Unknown,Functional,Ningi,Ningi East,11.0876623,9.5729813,,,0,Valid
SN_BB0B02397B,Dalli Primary Health Centre,Primary,Primary Health Center,PHC,Public,State Government,Unknown,Shira,Kilbori A,11.5837331,10.1171039,,9.75,0,Valid
SN_F53CFFBFD0,Sabon Garin Tulu Primary Health Centre,Primary,Primary Health Center,PHC,Public,State Government,Unknown,Toro,Tama,10.6752137,9.0094223,,7.937,0,Valid
SN_C486A38C57,Wailo Dispensary,Primary,Health Post,Health Post,Public,Unknown,Unknown,Bauchi,Makama A,10.29150079,9.842849234,,,0,Valid
SN_F28EE12AEE,Galawa Health Post,Primary,Health Post,Health Post,Public,State Government,Unknown,Misau,Akuyam,11.4962192,10.5981476,,9.03,0,Valid
SN_FCD9482326,Lodiyo Primary Health Centre,Primary,Primary Health Center,PHC,Public,State Government,Unknown,Zaki,Bursali,12.3853974,10.5786628,,9.5,2,Valid
SN_E6A628CB66,Itas Maternal And Child Health,Primary,Primary Health Center,PHC,Public,State Government,Unknown,Itas/Gadau,Itas,11.8559763,9.967777,,6.5,0,Valid
SN_C5A282FDF2,Lim Health Clinic,Primary,Clinic,Clinic,Public,Unknown,Functional,Tafawa-Balewa,Kardam A,9.870095491,9.35210803,,,0,Valid
SN_1726047842,Ladari Health Post,Primary,Health Post,Health Post,Public,State Government,Unknown,Zaki,Bursali,12.3644183,10.6673717,,6.0,1,Valid
SN_634B7C25C5,Gubi Primary Health Centre,Primary,Primary Health Center,PHC,Public,State Government,Unknown,Bauchi,Kundun Durum,10.4364902,9.8141699,,8.0,0,Valid
SN_C62AF34EF8,Tamiko Nursing Home Tulu,Primary,Nursing / Convalescent Home,Other,Private,Unknown,Unknown,Toro,Tama,10.57531738,9.025695801,,,0,Valid
SN_C68BA7E7F6,Sabo Clinic,Primary,Clinic,Clinic,Public,Unknown,Unknown,Bauchi,Dan Iya,10.32967806,9.843871935,,,0,Valid
SN_C6F59A956B,Tawa Dispensary,Primary,Health Post,Health Post,Public,Unknown,Unknown,Tafawa-Balewa,Lere North,9.6089472,9.32552865,,,0,Valid
SN_C7C442CB3D,Galantumfafi Dispensary,Primary,Health Post,Health Post,Public,Unknown,Unknown,Shira,Tumfafi,11.42690921,10.10554665,,,2,Valid
SN_6C724635B9,Tsumba Primary Health Centre,Primary,Primary Health Center,PHC,Public,State Government,Unknown,Shira,Shira,11.5220549,9.9713762,,1.361,1,Valid
SN_1FCCC8CE8B,Matsango Azare Primary Health Centre,Primary,Primary Health Center,PHC,Public,State Government,Unknown,Katagum,Matsango,11.6589494,10.1952968,,10.0,0,Valid
SN_DFC8BD1525,Kurwala Health Post,Primary,Health Post,Health Post,Public,State Government,Unknown,Bauchi,Galambi,10.2495167,10.2041533,,9.4,0,Valid
SN_6DA7A9E001,Fagarau Health Post,Primary,Primary Health Center,PHC,Public,State Government,Unknown,Damban,Yanda,11.5874733,10.7948883,,9.6,1,Valid
SN_CA3270D611,Yayarin Health Clinic,Primary,Clinic,Clinic,Public,Unknown,Unknown,Gamawa,Taranka,11.82624,10.63701,,,1,Valid
SN_A060411436,Limi Health Post,Primary,Health Post,Health Post,Public,State Government,Unknown,Ningi,Sama,10.9375221,9.1041138,,9.866,1,Valid
SN_CA547D7D19,Darajiyawo Dispensary,Primary,Health Post,Health Post,Public,Unknown,Unknown,Shira,Zubo,11.63296295,10.07708087,,,0,Valid
SN_CA95D95916,Sauki Clinic,Primary,Clinic,Clinic,Private,For Profit,Functional,Toro,Mara,10.14042753,9.285881662,,,0,Valid
SN_15432FF697,Gawo Health Post,Primary,Health Post,Health Post,Public,State Government,Unknown,Warji,Baima,11.123356,9.752318,,7.413,0,Valid
SN_CC6155F5D9,Zabolo Primary Health Center,Primary,Primary Health Center,PHC,Public,Unknown,Functional,Toro,Toro,10.06013203,9.084323655,,,0,Valid
SN_CD4B5021EF,Marasuwa Dispensary,Primary,Health Post,Health Post,Public,Unknown,Unknown,Warji,Dallaji,11.21368408,9.685119629,,,0,Valid
SN_7910B1B993,Tilde Maternal And Child Health,Primary,Primary Health Center,PHC,Public,State Government,Unknown,Toro,Tilde,10.0401392,8.9867325,,9.6,0,Valid
SN_FB0F552EF5,Kafin Lemo Primary Health Centre,Primary,Primary Health Center,PHC,Public,State Government,Unknown,Ningi,Bashe,11.2689585,9.0281258,,9.102,1,Valid
SN_D3302F18FC,Sabon Garin Zakshi Health Post,Primary,Health Post,Health Post,Public,State Government,Unknown,Toro,Mara,9.9415796,9.2967513,,8.051,1,Valid
SN_9AC748135C,Didim Health Post,Primary,Health Post,Health Post,Public,State Government,Unknown,Toro,Wonu North,10.2694556,9.0829439,,7.932,0,Valid
SN_B816E2ED36,Gidan Baki Primary Health Centre,Primary,Primary Health Center,PHC,Public,State Government,Unknown,Ningi,Nasaru B,11.1711224,9.5988274,,6.068,0,Valid
SN_CE7600936F,Police Clinic,Primary,Clinic,Clinic,Public,Federal Government,Functional,Bauchi,Dan Iya,10.318339,9.827699,,,0,Valid
SN_03DE7C4D33,Bambal Maternal And Child Health,Primary,Primary Health Center,PHC,Public,State Government,Unknown,Itas/Gadau,Bambal,11.7472271,9.738747,,8.82,0,Valid
SN_AFE373FECB,Zabi Model Primary Health Center Primary Health Centre,Primary,Primary Health Center,PHC,Public,State Government,Unknown,Giade,Zabi,11.4980778,10.2964193,,6.3,0,Valid
SN_33A0FE4CCE,Batu Health Clinic,Primary,Clinic,Clinic,Public,State Government,Unknown,Ningi,Kudu Yamma,10.8783054,9.4548575,,9.6,0,Valid
SN_5214F97978,Dan Primary Health Centre,Primary,Primary Health Center,PHC,Public,State Government,Unknown,Alkaleri,Dan,9.8772292,10.1749637,,9.648,0,Valid
SN_CF6A1563B1,Palekon Clinic,Primary,Clinic,Clinic,Private,Unknown,Unknown,Bauchi,Makama A,10.296836,9.843173,,,0,Valid
SN_CF6A8F1357,Atafowa Dispensary,Primary,Health Post,Health Post,Public,Unknown,Unknown,Itas/Gadau,Atafowa,11.96112061,10.06488037,,,0,Valid
SN_CF95262291,Burga Health Clinic,Primary,Clinic,Clinic,Public,Unknown,Functional,Tafawa-Balewa,Mball,9.81104,9.81104,,,1,Valid
SN_CFA2BF539F,Zurgwai Maternity,Primary,Maternity Home,Maternity,Public,Local Government,Unknown,Warji,Zurgwai,11.08986,9.72241,,,0,Valid
SN_BC76F34912,Bagam Health Post,Primary,Health Post,Health Post,Public,State Government,Unknown,Zaki,Bursali,12.372085,10.5521633,,8.9,1,Valid
SN_D12FA073B3,Kidatuwa Health Post,Primary,Health Post,Health Post,Public,Unknown,Unknown,Warji,Katanga,11.18254424,9.76021164,,,0,Valid
SN_F9B0A7770D,Sade Primary Health Centre,Primary,Primary Health Center,PHC,Public,State Government,Unknown,Darazo,Sade East,11.3523525,10.6725418,,1.715,0,Valid
SN_83843B67E5,Tabak Health Post,Primary,Health Post,Health Post,Public,State Government,Unknown,Zaki,Mainako South,12.3765,10.4341833,,9.4,0,Valid
SN_D1F858F085,Chinade Dispensary,Primary,Health Post,Health Post,Public,Local Government,Functional,Katagum,Chinade,11.52148438,10.41870117,,,0,Valid
SN_D2138B4D14,Baure Dispensary,Primary,Health Post,Health Post,Public,Unknown,Unknown,Ningi,Ari,10.90157177,9.527949978,,,0,Valid
SN_D2BC668D2C,Boli Health Clinic,Primary,Clinic,Clinic,Public,Unknown,Unknown,Kirfi,Dewu,10.54961489,10.45651402,,,0,Valid
SN_D2D2899F9D,Girjule Maternity,Primary,Maternity Home,Maternity,Public,Unknown,Unknown,Toro,Ribina East,10.09651,9.06512,,,0,Valid
SN_D2BE052DE8,Kir Primary Health Centre,Primary,Clinic,Clinic,Public,State Government,Unknown,Bauchi,Dan Dango,10.1560822,9.8744437,,7.95,0,Valid
SN_D37FA595D3,Community Clinic,Primary,Clinic,Clinic,Public,Unknown,Unknown,Tafawa-Balewa,Kardam C,9.80516,9.25428,,,2,Valid
SN_3664F2F411,Doka Health Post,Primary,Health Post,Health Post,Public,State Government,Unknown,Alkaleri,Pali West,10.0814949,10.2876917,,8.8,0,Valid
SN_D3B2CBF664,Jogayel Dispensary,Unknown,Unknown,Unknown,Unknown,Unknown,Unknown,Jama'are,Yola,11.6737757,9.990171265,,,0,Valid
SN_D3DC9B219D,Jurara Vetinary Center,Unknown,Unknown,Unknown,Unknown,Unknown,Unknown,Jama'are,Jurara,11.62237,9.81569,,,0,Valid
SN_D444555881,Niima Clinic,Primary,Clinic,Clinic,Public,Unknown,Functional,Bauchi,Birshi,10.26973806,9.800901935,,,0,Valid
SN_D50EC63BCD,Lerpye Primary Health Clinic,Primary,Primary Health Center,PHC,Public,Unknown,Unknown,Tafawa-Balewa,Tapshin,9.485290527,9.525085449,,,2,Valid
SN_D54F2F843F,Rigardoya Maternity,Unknown,Unknown,Unknown,Unknown,Unknown,Unknown,Kirfi,Kirfi,10.40835,10.42959,,,0,Valid
SN_41466F3DF8,Gobirawa Primary Health Centre,Primary,Primary Health Center,PHC,Public,State Government,Unknown,Alkaleri,Mansur,9.7002533,10.9543983,,9.6,1,Valid
SN_D600B22970,Nabayi Maternity,Primary,Maternity Home,Maternity,Public,Local Government,Functional,Ganjuwa,Ganjuwa A,10.84175228,10.35436217,,,0,Valid
SN_7A15457ED2,Nasarawan Samanja Primary Health Centre,Primary,Primary Health Center,PHC,Public,State Government,Unknown,Toro,Rahama,10.6005747,8.7958317,,5.161,0,Valid
SN_DE2452E7DF,Chibiyayi Primary Health Centre,Primary,Primary Health Center,PHC,Public,State Government,Unknown,Zaki,Murmur South,12.0061483,10.226825,,5.3,0,Valid
SN_D6F7EC5FAB,Maimadiri Dispensary,Unknown,Unknown,Unknown,Unknown,Unknown,Unknown,Alkaleri,Alkaleri West,10.26772,10.33033,,,2,Valid
SN_D70E2C47B2,Marba Dispensary,Primary,Health Post,Health Post,Public,Unknown,Unknown,Kirfi,Wanka,10.38970947,10.4005127,,,0,Valid
SN_7133474A44,Babagudu Health Clinic,Primary,Clinic,Clinic,Public,State Government,Unknown,Itas/Gadau,Atafowa,11.9535063,10.0057339,,1.644,1,Valid
SN_2403689854,Yayari Health Clinic,Primary,Clinic,Clinic,Public,State Government,Unknown,Warji,Tudun Wada,11.1938291,9.6484156,,7.604,0,Valid
SN_E0745F395E,Unguwar Danya Health Post,Primary,Health Post,Health Post,Public,State Government,Unknown,Warji,Tiyin B,11.2219806,9.8388094,,4.301,1,Valid
SN_D8B1C7994D,Ungwan Madaki Maternity,Primary,Maternity Home,Maternity,Public,Unknown,Unknown,Ningi,Nasaru B,11.21553,9.59065,,,1,Valid
SN_781E8DF8F4,Dabigi Primary Health Centre,Primary,Clinic,Clinic,Public,State Government,Unknown,Misau,Sarma,11.4123954,10.6049091,,6.295,0,Valid
SN_C0541E2549,Gakulan Ganuwa Health Post,Primary,Health Post,Health Post,Public,State Government,Unknown,Darazo,Lago,11.149965,10.516155,,8.9,0,Valid
SN_D9BD562FC2,Sama Dispensary,Unknown,Unknown,Unknown,Unknown,Unknown,Unknown,Ningi,Sama,10.92831,9.0646,,,0,Valid
SN_4AD27FFEE3,Bakunawa Health Post,Primary,Health Post,Health Post,Public,State Government,Unknown,Ganjuwa,Gungura A,10.7925383,10.38288,,8.2,1,Valid
SN_D9D3C07D15,Wom Dispensary,Primary,Health Post,Health Post,Public,Local Government,Unknown,Toro,Tulai,10.13192,9.32691,,,1,Valid
SN_DF0AB476DF,Jalam Model Primary Health Center Primary Health Centre,Primary,Primary Health Center,PHC,Public,State Government,Unknown,Damban,Jalam,11.556665,10.8389133,,7.8,0,Valid
SN_DAE0420047,Badderi Dispensary,Primary,Health Post,Health Post,Public,Unknown,Functional,Katagum,Chinade,11.516815,10.42158631,,,2,Valid
SN_CB056CE016,Garin Muazu Health Post,Primary,Health Post,Health Post,Public,State Government,Unknown,Kirfi,Kirfi,10.2620368,10.5856025,,8.4,1,Valid
SN_58CC8CADE2,Marmaji Primary Health Centre,Primary,Health Post,Health Post,Public,State Government,Unknown,Jama'are,Dogon Jeji B,11.737295,9.8971433,,9.4,0,Valid
SN_3CBC997BDA,Maiwa Health Post,Primary,Health Post,Health Post,Public,State Government,Unknown,Zaki,Maiwa,12.3718333,10.2748733,,9.0,0,Valid
SN_DBDDDAC8B0,Bulkachuwa Dispensary,Primary,Health Post,Health Post,Public,Unknown,Unknown,Katagum,Bulkachuwa,11.64788818,10.52148438,,,0,Valid
SN_66D2EF31E0,Rahama Maternal And Child Health,Primary,Primary Health Center,PHC,Public,State Government,Unknown,Toro,Rahama,10.4532158,8.7597193,,9.64,0,Valid
SN_DC07B754F1,Sabon Garin Narabi Dispensary,Primary,Health Post,Health Post,Public,Unknown,Unknown,Dass,Bundot,10.01553,9.57229,,,1,Valid
SN_DC139DCE49,Kura B Dispensary,Unknown,Unknown,Unknown,Unknown,Unknown,Unknown,Itas/Gadau,Bilkicheri,11.92189,9.9536,,,2,Valid
SN_332A235977,Geljaule Primary Health Centre,Primary,Primary Health Center,PHC,Public,State Government,Unknown,Toro,Wonu South,10.1607189,9.1081449,,5.276,0,Valid
SN_49A088DAD1,Garin Mala Health Post,Primary,Health Post,Health Post,Public,State Government,Unknown,Itas/Gadau,Atafowa,11.9468016,10.0501224,,1.602,0,Valid
SN_DCF53CC83A,Kurba Maternity,Primary,Maternity Home,Maternity,Public,Local Government,Functional,Giade,Kurba,11.29181386,10.20520419,,,0,Valid
SN_EB438DE145,Gumau Maternal And Child Health,Primary,Primary Health Center,PHC,Public,State Government,Unknown,Toro,Wonu North,10.2584628,9.0137786,,9.883,0,Valid
SN_BE61477CB7,Sakarumbu Health Post,Primary,Health Post,Health Post,Public,State Government,Unknown,Ganjuwa,Gungura B,10.9076461,10.4297052,,1.374,0,Valid
SN_DDDE3F2958,Girkitel Dispensary,Unknown,Unknown,Unknown,Unknown,Unknown,Unknown,Toro,Rahama,10.43551329,8.876250128,,,0,Valid
SN_817C71F85B,Gabanga Maternity,Primary,Maternity Home,Maternity,Public,Unknown,Functional,Warji,Gabanga B,11.2251542,9.760944221,,,0,Valid
SN_C4F2F93710,Kakkuma Primary Health Centre,Primary,Primary Health Center,PHC,Public,State Government,Unknown,Ganjuwa,Kubi B,10.6306332,10.1942386,,1.202,0,Valid
SN_1B79B369E0,Unguwar Madaki Primary Health Centre,Primary,Health Post,Health Post,Public,State Government,Unknown,Ningi,Bashe,11.2153673,8.9905256,,9.102,0,Valid
SN_4105586A65,Fuchukuwa Health Post,Primary,Health Post,Health Post,Public,State Government,Unknown,Zaki,Sakwa,12.0896597,10.2649396,,5.7,0,Valid
SN_AB7D08D01D,Magama Gari Health Post,Primary,Health Post,Health Post,Public,State Government,Unknown,Toro,Tulai,10.0823176,9.1640762,,9.433,0,Valid
SN_F2F1E2F6ED,Dagu Primary Health Centre,Primary,Primary Health Center,PHC,Public,State Government,Unknown,Warji,Dagu,11.1316882,9.7426568,,3.79,0,Valid
SN_A1210C725F,Bakin Ruwa Health Post,Primary,Health Post,Health Post,Public,State Government,Unknown,Toro,Rauta/Geji,10.6450685,9.6122976,,4.416,0,Valid
SN_121D7D571C,Bamja Primary Health Centre,Primary,Clinic,Clinic,Public,State Government,Unknown,Tafawa-Balewa,Bununu B,9.7952355,9.654815,,1.089,0,Valid
SN_E8E0BBDC80,Dungal Health Post,Primary,Health Post,Health Post,Public,State Government,Unknown,Bauchi,Birshi,10.2847617,9.7222867,,6.6,1,Valid
SN_C30B74D547,Lanzai West Primary Health Centre,Primary,Primary Health Center,PHC,Public,State Government,Unknown,Darazo,Lanzai East,11.4294345,10.803448,,6.072,0,Valid
SN_08BAD87C8D,Magwanshi Primary Health Centre,Primary,Primary Health Center,PHC,Public,State Government,Unknown,Katagum,Ragwam,11.728717,10.1361027,,7.8,1,Valid
SN_E2102DBB3C,Dott Babba Maternal And Child Health Clinic,Primary,Clinic,Clinic,Public,State Government,Unknown,Dass,Dott,10.03445,9.5075593,,8.526,0,Valid
SN_0B6D15ECBE,Garande Health Clinic,Primary,Clinic,Clinic,Public,State Government,Unknown,Giade,Doguwa,11.3462223,10.2116591,,0.796,1,Valid
SN_6A0F1F7C49,Maizuma Health Post,Primary,Health Post,Health Post,Public,State Government,Unknown,Ganjuwa,Kariya B,10.9488221,9.6780252,,7.9,0,Valid
SN_E2293C03A5,Town Maternity,Primary,Maternity Home,Maternity,Public,Unknown,Functional,Katagum,Kafin Kuka,11.67850806,10.19193193,,,0,Valid
SN_D6F3C89DD3,Nabordo Primary Health Centre,Primary,Primary Health Center,PHC,Public,State Government,Unknown,Toro,Zaranda,10.2229236,9.3982012,,9.933,0,Valid
SN_AFD6EB7D56,Uzum Primary Health Centre,Primary,Primary Health Center,PHC,Public,State Government,Unknown,Giade,Uzum,11.5192007,10.2058095,,9.833,0,Valid
SN_80A8D456A8,Chacharam Primary Health Centre,Primary,Health Post,Health Post,Public,State Government,Unknown,Zaki,Murmur North,12.0945926,10.1956945,,6.8,1,Valid
SN_E311AF1797,Gimsa Health Post,Primary,Health Post,Health Post,Public,Unknown,Unknown,Bogoro,Gyara,9.61018209,9.51370328,,,0,Valid
SN_1CEF1C2F73,Jarmawo East Primary Health Centre,Primary,Primary Health Center,PHC,Public,State Government,Unknown,Giade,Zirami,11.54424,10.32048,,9.921,0,Valid
SN_ECECC73C98,Takan Dan Giwa Health Post,Primary,Health Post,Health Post,Public,State Government,Unknown,Toro,Zaranda,10.2225229,9.4636107,,0.995,1,Valid
SN_DF5923EF33,Ganye Primary Health Centre,Primary,Primary Health Center,PHC,Public,State Government,Unknown,Toro,Ribina West,10.1069029,9.0468797,,2.66,2,Valid
SN_E46D7DCA96,Fatira Dispensary,Primary,Health Post,Health Post,Public,Local Government,Unknown,Toro,Wonu North,10.60093,8.97726,,,2,Valid
SN_2FD15D276F,Durr Primary Health Centre,Primary,Primary Health Center,PHC,Public,State Government,Unknown,Dass,Durr,9.9750767,9.4073817,,5.186,0,Valid
SN_452DA1C55B,Tashan Durumi Primary Health Centre,Primary,Primary Health Center,PHC,Public,State Government,Unknown,Toro,Jama A,10.2238749,9.5862792,,0.916,0,Valid
SN_E6D269C0A2,Gandi Maternity,Primary,Maternity Home,Maternity,Public,Local Government,Functional,Toro,Palama,9.94753078,9.32623297,,,0,Valid
SN_FB43634179,Tarbuwa Primary Health Centre,Primary,Primary Health Center,PHC,Public,State Government,Unknown,Zaki,Katagum,12.2960683,10.3790253,,9.2,1,Valid
SN_A455026CDC,Gamsha Primary Health Centre,Primary,Primary Health Center,PHC,Public,State Government,Unknown,Itas/Gadau,Bilkicheri,11.8824436,9.8589678,,9.65,2,Valid
SN_183BA1CE71,Jodiga Health Post,Primary,Health Post,Health Post,Public,State Government,Unknown,Zaki,Kafin Larabawa,11.8974467,10.32315,,6.2,0,Valid
SN_29C3A4960D,Rudubida Health Post,Primary,Health Post,Health Post,Public,State Government,Unknown,Ganjuwa,Nassarawa A,10.5299285,9.9446082,,8.766,0,Valid
SN_F33D42979B,Tsamiya Maternity Health Centre,Primary,Clinic,Clinic,Public,State Government,Unknown,Darazo,Darazo East,11.0556872,10.447555,,9.55,0,Valid
SN_E778D51F14,Bakin Kasuwa Dispensary,Primary,Health Post,Health Post,Public,Unknown,Functional,Katagum,Bakin Kasuwa,11.67272949,10.18811035,,,0,Valid
SN_E7B6F0EFDA,Marbini Dispensary,Primary,Health Post,Health Post,Public,Unknown,Unknown,Bauchi,Makama A,10.30421806,9.844091935,,,0,Valid
SN_9466954DBA,Lizai Health Post,Primary,Clinic,Clinic,Public,State Government,Unknown,Itas/Gadau,Kashuri,11.7841733,10.3016167,,8.0,0,Valid
SN_E7FCDC27CB,Madiri Dispensary,Primary,Health Post,Health Post,Public,Unknown,Unknown,Katagum,Bulkachuwa,11.62411,10.56276,,,0,Valid
SN_DF60DFF28C,Zubuki Health Clinic,Primary,Health Post,Health Post,Public,State Government,Unknown,Itas/Gadau,Zubiki,11.8346565,10.0466868,,1.402,2,Valid
SN_D510ECB52E,Bulan Gawu Maternal And Child Health,Primary,Primary Health Center,PHC,Public,State Government,Unknown,Tafawa-Balewa,Bula A,9.9986563,9.5909146,,8.9,0,Valid
SN_0342C4E0D0,Ruhu Health Post,Primary,Health Post,Health Post,Public,State Government,Unknown,Toro,Lame,10.598532,9.0992383,,9.46,0,Valid
SN_4B70E69B05,Beti Primary Health Centre,Primary,Primary Health Center,PHC,Public,State Government,Unknown,Misau,Beti,11.2925664,10.4181739,,9.733,0,Valid
SN_E9E8AF4493,Zamava Health Center,Primary,Health Center,PHC,Public,Unknown,Unknown,Bogoro,Lusa,9.54417,9.63081,,,1,Valid
SN_EA0BFECF5E,Diga Dispensary,Primary,Health Post,Health Post,Public,Unknown,Unknown,Itas/Gadau,Diga,11.887897,10.008101,,,0,Valid
SN_D5B8C2BE55,Mball Maternal And Child Health,Primary,Primary Health Center,PHC,Public,State Government,Unknown,Tafawa-Balewa,Mball,9.8388877,9.7469019,,9.2,0,Valid
SN_C9D862A277,Gala Primary Health Centre,Primary,Health Post,Health Post,Public,State Government,Unknown,Dass,Baraza,9.8996037,9.4029069,,1.226,0,Valid
SN_5974FC27BE,Barneyasu Primary Health Centre,Primary,Clinic,Clinic,Public,State Government,Unknown,Zaki,Tashena,12.3321354,10.3485989,,7.3,0,Valid
SN_ED7548A914,Fadan Tukai Maternity,Unknown,Unknown,Unknown,Unknown,Unknown,Unknown,Toro,Tulai,10.07443,9.2881,,,0,Valid
SN_E1959CDD10,Bursali Primary Health Centre,Primary,Primary Health Center,PHC,Public,State Government,Unknown,Zaki,Bursali,12.454949,10.7185544,,4.375,0,Valid
SN_29C4A17378,Jugudu Primary Health Centre,Primary,Primary Health Center,PHC,Public,State Government,Unknown,Giade,Jugudu,11.3557729,10.2040087,,9.5,0,Valid
SN_EE103C18FA,Jamaa Model Primary Health Center,Primary,Primary Health Center,PHC,Public,Unknown,Unknown,Tafawa-Balewa,Bununu A,9.870371567,9.660400759,,,2,Valid
SN_EB3BFF35DB,Gabarin Primary Health Centre,Primary,Primary Health Center,PHC,Public,State Government,Unknown,Darazo,Gabarin East,11.1150719,10.4391369,,3.9,0,Valid
SN_5444156D13,Riban-Garmu Health Clinic,Primary,Primary Health Center,PHC,Public,State Government,Unknown,Kirfi,Dewu,10.5259222,10.4525316,,8.65,0,Valid
SN_EFF3B1B823,Kofar Dumi Primary Health Clinic,Primary,Primary Health Center,PHC,Public,Local Government,Functional,Bauchi,Dan Amar B,10.28254,9.87139,,,3,Valid
SN_F02B63E961,Tilden Fulani Maternity,Primary,Maternity Home,Maternity,Public,Unknown,Unknown,Dass,Bununu East,10.02385,9.59219,,,0,Valid
SN_F0654658E9,Gambasha Health Post,Primary,Health Post,Health Post,Public,Unknown,Functional,Itas/Gadau,Gwarai,11.72311082,9.81324059,,,0,Valid
SN_315DAF0265,Dunkurmi Primary Health Centre,Primary,Primary Health Center,PHC,Public,State Government,Unknown,Misau,Zadawa,11.4740452,10.3304456,,9.884,1,Valid
SN_F0754A574F,Kufai Dispensary,Primary,Health Post,Health Post,Public,Local Government,Functional,Toro,Palama,10.00963722,9.259989715,,,0,Valid
SN_753BD4CD64,Bidolo Health Post,Primary,Health Post,Health Post,Public,State Government,Unknown,Bauchi,Kangere,10.1742808,9.9953383,,4.44,0,Valid
SN_F2540835EA,Mundu Dispensary,Primary,Health Post,Health Post,Public,Local Government,Functional,Toro,Zaranda,10.43579095,9.412947283,,,0,Valid
SN_3D0245B5AB,Dingashi Health Post,Primary,Health Post,Health Post,Public,State Government,Unknown,Giade,Uzum,11.5388908,10.2886317,,1.588,3,Valid
SN_F2A19DAAF4,Bulgana Dispensary,Primary,Health Post,Health Post,Public,Unknown,Functional,Warji,Baima,11.12572371,9.78106524,,,1,Valid
SN_00D4DE614F,Barnawa Health Clinic,Primary,Health Post,Health Post,Public,State Government,Unknown,Bauchi,Birshi,10.2851518,9.6647893,,9.281,1,Valid
SN_6D11B36C1B,Kundak Primary Health Centre,Primary,Primary Health Center,PHC,Public,State Government,Unknown,Alkaleri,Lim Kundak,9.7946322,9.8999694,,8.933,0,Valid
SN_E67FF10214,Firo Primary Health Centre,Primary,Primary Health Center,PHC,Public,State Government,Unknown,Ganjuwa,Yali,10.4088905,9.8722428,,9.88,0,Valid
SN_F402474FF7,Federal Lowcost Primary Health Center,Primary,Primary Health Center,PHC,Public,Unknown,Functional,Bauchi,Makama A,10.2895144,9.8319546,,,1,Valid
SN_F496DDA447,Project Primary Health Center,Primary,Primary Health Center,PHC,Public,Unknown,Functional,Bogoro,Project,9.599805,9.790289,,,0,Valid
SN_F498E890E6,Badiko Dispensary,Primary,Health Post,Health Post,Public,Unknown,Unknown,Toro,Ribina West,10.10318,9.05602,,,0,Valid
SN_44A03B9400,Lekka Primary Health Centre,Primary,Primary Health Center,PHC,Public,State Government,Unknown,Bauchi,Dan Dango,10.0678115,9.8382167,,9.56,1,Valid
SN_BD2257ACA7,Katarko Health Clinic,Primary,Clinic,Clinic,Public,State Government,Unknown,Alkaleri,Maimadi,10.1303167,10.6276283,,9.5,1,Valid
SN_577634E1BA,Gangai Primary Health Centre,Primary,Primary Health Center,PHC,Public,State Government,Unknown,Katagum,Gangai,11.5051816,10.4765008,,9.2,0,Valid
SN_3BB7E864AB,Jaka Primary Health Centre,Primary,Clinic,Clinic,Public,State Government,Unknown,Shira,Tsafi,11.3698699,10.0148966,,8.666,0,Valid
SN_85FEE21936,Jarmawo West Health Centre,Primary,Clinic,Clinic,Public,State Government,Unknown,Giade,Chinkani,11.2767691,10.2810211,,1.273,0,Valid
SN_F5E19F785A,Balarare Dispensary,Primary,Health Post,Health Post,Public,Unknown,Unknown,Toro,Tulai,10.06179,9.17627,,,1,Valid
SN_BD27D102D0,Jumberi Primary Health Centre,Primary,Primary Health Center,PHC,Public,State Government,Unknown,Katagum,Madara,11.8167666,10.4063441,,10.0,0,Valid
SN_F668EE26F6,Darazo General Hospital,Secondary,General Hospital,Hospital,Public,State Government,Functional,Darazo,Darazo West,10.995188,10.408971,,,0,Valid
SN_F6FDF473BF,Jama Dispensary,Primary,Health Post,Health Post,Private,For Profit,Unknown,Toro,Tulai,10.09127,9.25991,,,0,Valid
SN_D76298D504,Luchamdi Dispensary,Primary,Primary Health Center,PHC,Public,State Government,Unknown,Damban,Gargawa,11.7563176,10.8301074,,5.127,0,Valid
SN_BEE96898AF,Dirya Health Post,Primary,Health Post,Health Post,Public,State Government,Unknown,Ganjuwa,Kubi B,10.6484532,10.1764998,,2.301,0,Valid
SN_F7FA985C87,Gwalfaada Maternity,Primary,Maternity Home,Maternity,Public,Unknown,Unknown,Toro,Tilde,10.07411,9.02575,,,1,Valid
SN_46452934ED,Rudu Yausa Primary Health Centre,Primary,Primary Health Center,PHC,Public,State Government,Unknown,Ganjuwa,Yali,10.4665917,9.8465617,,7.1,0,Valid
SN_A1531695D9,Zari Maku Health Post,Primary,Health Post,Health Post,Public,State Government,Unknown,Toro,Mara,9.9323958,9.2900101,,8.138,1,Valid
SN_F94BAEF65C,Mwari Maternal And Child Health Clinic,Primary,Primary Health Center,PHC,Public,Local Government,Unknown,Bogoro,Mwari,9.655258859,9.569971192,,,0,Valid
SN_C066793F12,Kirfi Town Maternity Centre,Primary,Primary Health Center,PHC,Public,State Government,Unknown,Kirfi,Kirfi,10.401946,10.4064763,,5.366,0,Valid
SN_EEDEF421E4,Rugan Jalo Health Post,Primary,Health Post,Health Post,Public,State Government,Unknown,Kirfi,Beni,10.4217067,10.2845083,,6.5,1,Valid
SN_F9EB02ED94,Tilde Primary Clinic Maternity,Primary,Primary Health Clinic,PHC,Private,Unknown,Unknown,Dass,Bununu East,10.0232,9.5949,,,1,Valid
SN_9DCCBB698B,Daburai Health Post,Primary,Health Post,Health Post,Public,State Government,Unknown,Darazo,Gabarin West,11.144241,10.4142588,,8.401,0,Valid
SN_FA98436C61,Ibrahim Bako Model Primary Health Center,Primary,Primary Health Center,PHC,Public,Unknown,Unknown,Bauchi,Tirwun,10.30934206,9.883952935,,,0,Valid
SN_FABDCE10D3,Kurmi Maternity,Primary,Maternity Home,Maternity,Public,Local Government,Functional,Ningi,Burra,11.08279,8.93158,,,0,Valid
SN_FADB6CBEEA,Quatege Hospital,Unknown,Unknown,Unknown,Unknown,Unknown,Unknown,Bauchi,Mun Munsal,10.051771,10.031697,,,0,Valid
SN_FAECE6E463,Lodiyo Health Clinic,Primary,Clinic,Clinic,Public,Unknown,Unknown,Zaki,Lodiyo,12.38897,10.57777,,,0,Valid
SN_4CE387C9CF,Shau Health Post,Primary,Health Post,Health Post,Public,State Government,Unknown,Toro,Lame,10.4721084,9.1470921,,9.201,0,Valid
SN_FB0762A728,St Margret 5 Primary Health Center,Primary,Primary Health Center,PHC,Private,For Profit,Functional,Tafawa-Balewa,Tapshin,9.543,9.44307,,,0,Valid
SN_FB10BB0079,Munkal Primary Health Clinic,Primary,Primary Health Center,PHC,Public,Unknown,Unknown,Alkaleri,Lim Kundak,9.720092773,9.938903809,,,2,Valid
SN_F90A42E22D,Gangalawai Primary Health Centre,Primary,Primary Health Center,PHC,Public,State Government,Unknown,Darazo,Gabarin West,11.1432281,10.4405177,,9.923,0,Valid
SN_E3569A2129,Papa Primary Health Centre,Primary,Primary Health Center,PHC,Public,State Government,Unknown,Darazo,Papa North,11.2430846,10.8387059,,3.9,0,Valid
SN_FB81C3AEE0,Dumun Dispensary,Primary,Health Post,Health Post,Public,Local Government,Functional,Ganjuwa,Yali,10.45,9.916667,,,0,Valid
SN_FB8794469A,Yelwa Clinic And Maternity,Primary,Maternity Home,Maternity,Public,Unknown,Unknown,Bauchi,Birshi,10.27215171,9.792881035,,,0,Valid
SN_FBC88A2899,Tsafi Maternity,Primary,Maternity Home,Maternity,Public,Local Government,Functional,Shira,Tsafi,11.36431,10.01008,,,0,Valid
SN_FC6D43450A,Tapshin Primary Health Center,Primary,Primary Health Center,PHC,Public,Local Government,Unknown,Tafawa-Balewa,Tapshin,9.503881384,9.462443865,,,0,Valid
SN_FC8A5F4BC2,Gudduba Dispensary,Primary,Health Post,Health Post,Public,Unknown,Unknown,Ningi,Tiffi,11.08728027,9.633483887,,,0,Valid
SN_FD0E71D9D2,Mamiso Health Post,Primary,Health Post,Health Post,Public,Unknown,Functional,Ningi,Bashe,11.07528794,8.83936709,,,0,Valid
SN_2B7FFDDE5B,Goyinga Health Post,Primary,Health Post,Health Post,Public,State Government,Unknown,Misau,Sirko,11.3899312,10.5027593,,0.67,0,Valid
SN_F8D28F1D94,Zankan Health Centre,Primary,Clinic,Clinic,Public,State Government,Unknown,Giade,Chinkani,11.3367243,10.2980684,,1.923,0,Valid
SN_F9AFE5B4A8,Sabon Kafi Primary Health Centre,Primary,Primary Health Center,PHC,Public,State Government,Unknown,Jama'are,Dogon Jeji B,11.7271026,9.8692207,,8.9,0,Valid
SN_DC494469BE,Mailamalari Health Post,Primary,Health Post,Health Post,Public,State Government,Unknown,Giade,Sabon Sara B,11.4757941,10.2460024,,2.386,0,Valid
SN_853F0BF73F,Galen Duguri Primary Health Centre,Primary,Primary Health Center,PHC,Public,State Government,Unknown,Alkaleri,Dan,10.0558939,10.3386886,,8.802,1,Valid
SN_5202DA28CF,Wuntin Dada Primary Health Centre,Primary,Primary Health Center,PHC,Public,State Government,Unknown,Bauchi,Birshi,10.3137296,9.769964,,9.2,1,Valid
SN_FFE3C0EA62,Bogoro Health Clinic,Primary,Clinic,Clinic,Public,Local Government,Unknown,Bogoro,Badagari,9.60717,9.66769,,,0,Valid
SN_FC834BA022,Balma Health Post,Primary,Health Post,Health Post,Public,State Government,Unknown,Ningi,Balma,11.2129064,9.40997,,9.933,0,Valid
SN_36589155AB,Zuya Primary Health Centre,Primary,Clinic,Clinic,Public,State Government,Unknown,Tafawa-Balewa,Lere North,9.7027684,9.4045097,,9.6,0,Valid
SN_8F0AD730D1,Al Wadata Clinic,Secondary,Clinic,Clinic,Private,For Profit,Unknown,Bauchi,Dan Iya,10.314519,9.817719,,,0,Valid
SN_7271E61EFE,Polchi Primary Health Centre,Primary,Primary Health Center,PHC,Public,State Government,Unknown,Toro,Tulai,10.1224783,9.3011983,,8.9,0,Valid
SN_291437A3F0,Gallamari Primary Health Centre,Primary,Clinic,Clinic,Public,State Government,Unknown,Shira,Bukul,11.3264611,9.9755698,,9.1,0,Valid
SN_99243ECE26,Ginzum Primary Health Centre,Primary,Primary Health Center,PHC,Public,State Government,Unknown,Bogoro,Bogoro,9.7096633,9.6987389,,7.149,0,Valid
SN_F92AF6F2B0,Kafin Hardo Health Post,Primary,Health Post,Health Post,Public,State Government,Unknown,Giade,Giade B,11.4246247,10.1875154,,2.802,0,Valid
SN_E92A3AB17C,Gidan Mada Health Post,Primary,Health Post,Health Post,Public,State Government,Unknown,Warji,Tudun Wada,11.2318195,9.6245851,,4.811,0,Valid
SN_9C879E486E,Amsad Clinic,Secondary,Clinic,Clinic,Private,For Profit,Functional,Bauchi,Dan Iya,10.30203806,9.827781935,,,0,Valid
SN_081AD896B6,Dutsen Lawan Health Care Centre,Primary,Primary Health Center,PHC,Public,Unknown,Functional,Bogoro,Dutsen Lawan,8.53768,9.67546,05/03/1/1/1/0015,,1,Outside Bauchi
SN_BCBB53D33F,Unguwan Alkali Aminu Primary Health Centre,Primary,Primary Health Center,PHC,Public,State Government,Unknown,Bauchi,Dan Amar A,10.3146255,9.8479783,,8.766,0,Valid
SN_3B4F8438C4,Musari Health Post,Primary,Clinic,Clinic,Public,State Government,Unknown,Darazo,Lago,11.2456941,10.5272383,,5.3,0,Valid
SN_08E8A71B56,Magarya Primary Health Centre,Primary,Primary Health Center,PHC,Public,State Government,Unknown,Itas/Gadau,Magarya,11.8600915,9.8043908,,1.222,0,Valid
SN_36D943EC13,Jimi Health Post,Primary,Health Post,Health Post,Public,State Government,Unknown,Ningi,Kudu Yamma,10.9452698,9.2832934,,9.8,0,Valid
SN_92DDA02280,Dambam B Primary Health Centre,Primary,Primary Health Center,PHC,Public,State Government,Unknown,Damban,Dambam A,11.6760764,10.7083058,,2.496,1,Valid
SN_C230E50DC7,Duguryel Primary Health Centre,Primary,Clinic,Clinic,Public,State Government,Unknown,Tafawa-Balewa,Bununu A,9.9040836,9.7626041,,8.522,0,Valid
SN_0CC304CEBE,Goljarendi Health Clinic And Maternity,Primary,Primary Health Clinic,PHC,Private,Unknown,Functional,Toro,Ribina East,10.06552,9.11345,05/18/1/1/2/0009,,0,Valid
SN_9D1710C916,Mansur Health Clinic,Primary,Primary Health Center,PHC,Public,State Government,Unknown,Alkaleri,Mansur,9.5593518,10.6315608,,9.928,0,Valid
SN_6588AE2472,Jurara Primary Health Centre,Primary,Primary Health Center,PHC,Public,State Government,Unknown,Jama'are,Jurara,11.6230246,9.816845,,8.7,0,Valid
SN_0E52825099,Al-Ummah Health Clinic And Maternity,Primary,Primary Health Clinic,PHC,Private,Unknown,Functional,Toro,Tilde,10.02473,8.95951,05/18/1/1/2/0004,,0,Valid
SN_77C8BFCEC5,Kumba Health Post,Primary,Health Post,Health Post,Public,State Government,Unknown,Ningi,Sama,10.8682793,9.026448,,9.916,0,Valid
SN_2A71EB8F79,Mailafiya Primary Health Centre,Primary,Primary Health Center,PHC,Public,State Government,Unknown,Darazo,Papa South,11.1881254,10.9349155,,5.266,0,Valid
SN_DFFC76887A,Shongo Health Clinic,Primary,Primary Health Center,PHC,Public,State Government,Unknown,Kirfi,Shongo,10.5614166,10.4173848,,4.733,0,Valid
SN_11FCB71037,Al-Manzoor Diagnostic Center,Secondary,Diagnostic / Laboratory Center,Other,Private,Unknown,Functional,Bauchi,Dan Kade,10.31937,9.83922,05/02/1/2/2/0105,,0,Valid
SN_5FB96D6962,Gar Primary Health Centre,Primary,Primary Health Center,PHC,Public,State Government,Unknown,Alkaleri,Gar,10.0728174,10.2674816,,9.82,0,Valid
SN_6A4DEC27B6,Balen Hausa Primary Health Centre,Primary,Health Post,Health Post,Public,State Government,Unknown,Misau,Gugulin,11.4308634,10.5977687,,3.855,0,Valid
SN_05A9A664DB,Burra General Hospital,Secondary,General Hospital,Hospital,Public,State Government,Functional,Ningi,Burra,11.014225,8.904742,,,0,Valid
SN_157C4AFDA8,Dalangah Primary Health Clinic,Primary,Primary Health Clinic,PHC,Public,Unknown,Functional,Bogoro,Mwari,6.39633,7.00411,05/03/1/1/1/0010,,1,Outside Bauchi
SN_9D53659C2B,Bulkachuwa Model Primary Health Center Primary Health Centre,Primary,Primary Health Center,PHC,Public,State Government,Unknown,Katagum,Bulkachuwa,11.6467754,10.5118798,,6.433,0,Valid
SN_A40089E82B,Kunzum Health Post,Primary,Health Post,Health Post,Public,State Government,Unknown,Alkaleri,Yuli,9.7080159,10.1570651,,7.932,0,Valid
SN_191CF9A3B2,Ecwa Health Clinic ( Private ),Primary,Primary Health Clinic,PHC,Private,Unknown,Functional,Warji,Katanga,11.17451,9.74944,05/19/1/1/2/0001,,2,Valid
SN_C0B405C856,Yankananzir Area Women And Children Hospital,Unknown,Unknown,Unknown,Unknown,Unknown,Unknown,Bauchi,Makama A,10.296936,9.845123,,,0,Valid
SN_7F6858E0F5,Kuran Kanki Health Post,Primary,Health Post,Health Post,Public,State Government,Unknown,Ningi,Balma,11.2792817,9.4662067,,7.8,2,Valid
SN_72B48A4284,Gobirawa Health Clinic,Primary,Clinic,Clinic,Public,Unknown,Functional,Alkaleri,Gwana,9.698741563,10.95300255,,,0,Valid
SN_66B74B061D,Miya Model Primary Health Center Primary Health Centre,Primary,Primary Health Center,PHC,Public,State Government,Unknown,Ganjuwa,Miya A,10.9056669,9.8315486,,9.65,0,Valid
SN_1E39AF4C15,Federal Polytechnic Bauchi Health Clinic,Secondary,Unknown,Unknown,Public,Unknown,Functional,Bauchi,Birshi,10.26622,9.79308,05/02/1/1/1/0025,,2,Valid
SN_94F1CD9CF2,Sabon Garin Garkuwa Primary Health Centre,Primary,Primary Health Center,PHC,Public,State Government,Unknown,Bauchi,Zungur,9.96131,9.8791017,,6.1,2,Valid
SN_1F0BB1D01F,Alangawari Health Post,Primary,Health Post,Health Post,Public,Unknown,Functional,Misau,Gundari,11.34775,10.49448,05/14/1/1/1/0003,,0,Valid
SN_9439793809,Yana Primary Health Centre,Primary,Primary Health Center,PHC,Public,State Government,Unknown,Shira,Shira,11.4062283,10.0163867,,5.2,1,Valid
SN_F3019EFF40,Beru Primary Health Centre,Primary,Primary Health Center,PHC,Public,State Government,Unknown,Bauchi,Kangere,10.3516885,10.0656251,,9.8,0,Valid
SN_20F99D6F19,Hadiza Mohammed Paediatric Hospital Gabarin,Primary,Hospital,Hospital,Public,Unknown,Functional,Darazo,Gabarin East,11.0638,10.2638,05/05/1/1/1/0067,,1,Valid
SN_A565C27FCC,Gekil Primary Health Centre,Primary,Clinic,Clinic,Public,State Government,Unknown,Tafawa-Balewa,Mball,9.7478989,9.8193819,,1.948,0,Valid
SN_EB06030DB7,Burra Primary Health Centre,Primary,Primary Health Center,PHC,Public,State Government,Unknown,Ningi,Burra,11.0168155,8.8984753,,4.833,0,Valid
SN_02F94C021C,Isawa Primary Health Centre,Primary,Primary Health Center,PHC,Public,State Government,Unknown,Giade,Isawa,11.5574098,10.2121655,,7.7,0,Valid
SN_25C014ECE6,Lukshi Maternal And Health Centre,Primary,Primary Health Center,PHC,Public,Unknown,Functional,Dass,Lukshi,10.02185,9.37668,05/06/1/1/1/0027,,2,Valid
SN_1B190AE103,Tafare Primary Health Centre,Primary,Primary Health Center,PHC,Public,State Government,Unknown,Tafawa-Balewa,Wai B,9.7876267,9.42309,,7.1,1,Valid
SN_B39BFC66EE,Mingila Nursing Home,Primary,Nursing / Convalescent Home,Other,Private,Unknown,Functional,Ganjuwa,Miya A,10.94163,10.09415,05/08/1/1/2/0002,,3,Valid
SN_26FFE289C5,Al'Amin Health Clinic,Secondary,Clinic,Clinic,Private,Unknown,Functional,Bauchi,Tirwun,10.30862,9.88564,05/02/1/2/2/0002,,2,Valid
SN_25BD09B22E,Badderi Health Post,Primary,Health Post,Health Post,Public,State Government,Unknown,Katagum,Chinade,11.5565204,10.4132813,,10.0,0,Valid
SN_4593A032EC,Durwari Health Post,Primary,Primary Health Center,PHC,Public,State Government,Unknown,Damban,Muzuwa,11.6782514,10.7123075,,1899.999,1,Valid
SN_B8A7BC410C,Dull Primary Health Centre,Primary,Primary Health Center,PHC,Public,State Government,Unknown,Tafawa-Balewa,Dull A,9.6442612,9.9190386,,9.95,0,Valid
SN_2A68273299,Katagum Medical Center,Secondary,Medical Center,Hospital,Private,Unknown,Functional,Katagum,Nasarawa A,11.68048,10.20908,05/12/1/2/2/0039,,0,Valid
SN_601B2A0B98,Sabon Layi Primary Health Centre,Primary,Primary Health Center,PHC,Public,State Government,Unknown,Darazo,Lanzai West,11.3689746,10.7926683,,9.26,0,Valid
SN_2B96181157,Abubakar Tafabalewa University Health Clinic,Primary,Clinic,Clinic,Public,Unknown,Functional,Bauchi,Birshi,10.27865,9.79839,05/02/1/1/1/0001,,0,Valid
SN_C256EFD355,Mainamaji Dispensary,Primary,Health Post,Health Post,Public,Local Government,Functional,Alkaleri,Kungibar,10.05449848,10.28545964,,,0,Valid
SN_55E97D88CD,Sara Primary Health Centre,Primary,Primary Health Clinic,PHC,Public,State Government,Unknown,Tafawa-Balewa,Lere South,9.631079,9.4254871,,7.1,0,Valid
SN_9DB17B9545,Bilkicheri Primary Health Centre,Primary,Primary Health Center,PHC,Public,State Government,Unknown,Itas/Gadau,Bilkicheri,11.8822628,9.8588779,,3.398,2,Valid
SN_2E0AF335A6,Dunga Health Clinic,Primary,Clinic,Clinic,Public,Unknown,Functional,Bogoro,Lusa,8.81049,9.42479,05/03/1/1/1/0014,,1,Outside Bauchi
SN_2FB9E01C7E,Yana Town Maternity,Primary,Maternity Home,Maternity,Public,Unknown,Functional,Shira,Yana,11.2443,10.051,05/16/1/1/1/0063,,2,Valid
SN_B9164AF204,Margiri Primary Health Centre,Primary,Primary Health Center,PHC,Public,State Government,Unknown,Giade,Isawa,11.5849706,10.2611703,,9.537,0,Valid
SN_0A0ABC617C,Yalwa Domiciliary Maternal And Child Health Clinic,Primary,Primary Health Center,PHC,Public,State Government,Unknown,Bauchi,Birshi,10.2816567,9.8001233,,1.75,0,Valid
SN_3222BBA8E6,Unguwar Tudu Primary Health Clinic,Primary,Unknown,Unknown,Public,Unknown,Functional,Ningi,Guda,10.98978,9.62519,05/15/1/1/1/0069,,0,Valid
SN_EEBDBA2F1A,Garin Kure Health Post,Primary,Health Post,Health Post,Public,State Government,Unknown,Gamawa,Zindiwa,11.8252101,10.8338171,,2.239,0,Valid
SN_694D94F370,Gamawa ( Bauchi ) Health Post,Primary,Health Post,Health Post,Public,State Government,Unknown,Bauchi,Mun Munsal,10.0333599,9.9685692,,7.15,0,Valid
SN_C322319E25,Kubi Primary Health Centre,Primary,Primary Health Center,PHC,Public,State Government,Unknown,Ganjuwa,Kubi A,10.5611974,10.2338957,,9.8,0,Valid
SN_3523AEAA49,1 St Sarauniyan Bauchi Primary Health Clinic,Primary,Unknown,Unknown,Public,Unknown,Functional,Alkaleri,Alkaleri West,10.31443,10.26529,05/01/1/1/1/0062,,1,Valid
SN_3DD1D2E86F,Gamu Health Post,Primary,Health Post,Health Post,Public,Local Government,Functional,Alkaleri,Lim Kundak,9.74909853,9.96358185,,,0,Valid
SN_35572C9754,Mbal Primary Health Clinic,Primary,Primary Health Clinic,PHC,Public,Unknown,Functional,Bogoro,Lusa,8.83244,9.03339,05/03/1/1/1/0027,,1,Outside Bauchi
SN_35A613983E,Tadnum Primary Health Care Centre,Primary,Primary Health Center,PHC,Public,Unknown,Functional,Bogoro,Project,7.66771,7.79116,05/03/1/1/1/0024,,2,Outside Bauchi
SN_365AA0CEE6,Samira Memorial Health Clinic,Primary,Clinic,Clinic,Private,Unknown,Functional,Toro,Zaranda,10.22497,9.46274,05/18/1/1/2/0017,,0,Valid
SN_9354D3A18F,Tagwaye Health Post,Primary,Health Post,Health Post,Public,State Government,Unknown,Giade,Doguwa,11.3601666,10.1673142,,1.077,0,Valid
SN_B56856A97D,Lafiya Health Clinic,Primary,Clinic,Clinic,Public,State Government,Unknown,Katagum,Ragwam,11.7617084,10.0759734,,9.933,0,Valid
SN_37632623B5,Zirya Health Clinic,Primary,Clinic,Clinic,Public,Unknown,Functional,Toro,Rahama,10.37702,8.03463,05/18/1/1/1/0101,,1,Outside Bauchi
SN_37BBC0C7ED,Darazo Medical Center,Primary,Medical Center,Hospital,Private,Unknown,Functional,Darazo,Darazo West,10.5916,10.2433,05/05/1/1/2/0070,,2,Valid
SN_385789FEB2,New Life Clinic,Primary,Clinic,Clinic,Private,Unknown,Functional,Bauchi,Dan Iya,10.28643,9.81996,05/02/1/1/2/0098,,0,Valid
SN_3747C3BBCB,Liman Katagum Health Post,Primary,Health Post,Health Post,Public,State Government,Unknown,Bauchi,Zungur,10.014535,9.7736817,,5.6,1,Valid
SN_F44153C132,Tumfure Health Post,Primary,Health Post,Health Post,Public,State Government,Unknown,Misau,Ajili,11.2895788,10.5428141,,6.913,0,Valid
SN_9BF553F681,Jahuri Health Post,Primary,Health Post,Health Post,Public,State Government,Unknown,Giade,Uzum,11.5050357,10.1892088,,9.516,0,Valid
SN_3BA4599E0E,Bogoro Primary Health Care Centre,Primary,Primary Health Center,PHC,Public,Unknown,Functional,Bogoro,Bogoro,,,05/03/1/1/1/0006,,1,Missing
SN_74C89AB3FF,Duguri Health Clinic,Primary,Primary Health Center,PHC,Public,State Government,Unknown,Alkaleri,Yuli,9.6948611,10.2555024,,6.025,2,Valid
SN_6618EB2AC3,Gululu Health Post,Primary,Health Post,Health Post,Public,State Government,Unknown,Itas/Gadau,Bilkicheri,11.9396607,9.936987,,1.354,0,Valid
SN_3E1C3876FB,Fagam Primary Health Center,Primary,Primary Health Center,PHC,Public,Unknown,Functional,Damban,Fagam,11.62826,10.62836,05/04/1/1/1/0007,,0,Valid
SN_3ED9BE4BED,Mwari Primary Health Care Centre,Primary,Primary Health Center,PHC,Public,Unknown,Functional,Bogoro,Mwari,6.80688,7.97672,05/03/1/1/1/0027,,2,Outside Bauchi
SN_67358F20EF,Gugulin Health Post,Primary,Health Post,Health Post,Public,State Government,Unknown,Misau,Gugulin,11.3721579,10.5677583,,6.179,0,Valid
SN_1CD465E253,Lau Health Clinic,Primary,Clinic,Clinic,Public,State Government,Unknown,Toro,Tama,10.5918576,9.0718334,,9.445,0,Valid
SN_EBB2AD5327,Yalwa Health Post,Primary,Health Post,Health Post,Public,State Government,Unknown,Zaki,Murmur North,12.116213,10.1709904,,7.833,0,Valid
SN_445CFFE84A,Amana Clinic And Maternity Home,Primary,Maternity Home,Maternity,Private,Unknown,Functional,Jama'are,Jamaare A,11.66778,9.92217,05/11/1/1/2/0036,,0,Valid
SN_88026C2CBE,Kainuwa Clinic,Primary,Clinic,Clinic,Private,Unknown,Functional,Bauchi,Makama A,10.29175806,9.835261935,,,0,Valid
SN_BB42BF0FB9,Bara Primary Health Centre,Primary,Primary Health Center,PHC,Public,State Government,Unknown,Kirfi,Bara,10.3710604,10.7256266,,6.416,0,Valid
SN_462FC0B3B2,Hamdala Healthcare And Consultancy Ltd,Secondary,Health Center,PHC,Private,Unknown,Functional,Katagum,Bakin Kasuwa,11.67739,10.18418,05/12/1/2/2/0040,,0,Valid
SN_B2AA878744,Butur Health Post,Primary,Health Post,Health Post,Public,State Government,Unknown,Dass,Bununu South,9.9431967,9.60416,,4.6,0,Valid
SN_46BE26268A,Nasara  Clinic And Maternity Home,Primary,Maternity Home,Maternity,Private,Unknown,Functional,Jama'are,Dogon Jeji A,11.74046,9.95356,05/11/1/1/2/0035,,0,Valid
SN_0A663FE409,Taki Primary Health Centre,Primary,Clinic,Clinic,Public,State Government,Unknown,Tafawa-Balewa,Dull A,9.9239738,9.7499557,,4.502,2,Valid
SN_1863D32800,Tashan Turmi Primary Health Centre,Primary,Primary Health Center,PHC,Public,State Government,Unknown,Kirfi,Bara,10.3627533,10.7560883,,8.2,0,Valid
SN_48BA1EEDA6,Sawi Primary  Health Centre,Primary,Primary Health Center,PHC,Public,Unknown,Functional,Shira,Disina B,11.39236,9.89824,05/16/1/1/1/0039,,0,Valid
SN_21077B06EF,Kobi Primary Health Centre,Primary,Primary Health Center,PHC,Public,State Government,Unknown,Bauchi,Hardo,10.3135033,9.8400033,,10.0,2,Valid
SN_4A2BA4103C,Bongah Primary Health Clinic,Primary,Primary Health Clinic,PHC,Public,Unknown,Functional,Bogoro,Lusa,8.38028,7.32379,05/03/1/1/1/0008,,1,Outside Bauchi
SN_379B98CBB3,Badaromo Health Post,Primary,Health Post,Health Post,Public,State Government,Unknown,Ganjuwa,Yali,10.4653755,10.0239146,,7.65,0,Valid
SN_F6CFC65B22,Dott Primary Health Centre,Primary,Primary Health Center,PHC,Public,State Government,Unknown,Dass,Dott,10.0244297,9.5173236,,3.9,0,Valid
SN_58877AF91A,Dinsim Health Post,Primary,Health Post,Health Post,Public,State Government,Unknown,Dass,Bununu South,9.8908532,9.5916122,,9.1,0,Valid
SN_4CB6E6F030,Girmala Health Post,Primary,Health Post,Health Post,Public,Unknown,Functional,Bogoro,Bogoro,,,05/03/1/1/1/0016,,1,Missing
SN_4CE00D64A5,Bazanshi Primary Health Clinic,Primary,Primary Health Clinic,PHC,Public,Unknown,Functional,Bogoro,Dutsen Lawan,8.27827,9.70975,05/03/1/1/1/0004,,1,Outside Bauchi
SN_22AE60FB76,Badakoshi Primary Health Centre,Primary,Primary Health Center,PHC,Public,State Government,Unknown,Bauchi,Galambi,10.137545,10.1150467,,7.5,0,Valid
SN_EC98E6E309,Yolan Bayara Health Post,Primary,Primary Health Center,PHC,Public,State Government,Unknown,Bauchi,Birshi,10.2367617,9.7048083,,4.8,0,Valid
SN_2C2CD6CBCF,Gadai Primary Health Centre,Primary,Primary Health Center,PHC,Public,State Government,Unknown,Zaki,Tashena,12.2561699,10.1756301,,8.2,1,Valid
SN_F04166D52E,Kwaimawa Health Clinic,Primary,Clinic,Clinic,Public,State Government,Unknown,Alkaleri,Maimadi,10.1764045,10.7183314,,9.325,0,Valid
SN_9E98C66987,Abubakar Tafawa Balewa Teaching Hospital,Primary,Hospital,Hospital,Public,Federal Government,Functional,Bauchi,Dan Iya,10.322831,9.831503,,,0,Valid
SN_AFB3463F43,Kashuri Primary Health Centre,Primary,Primary Health Center,PHC,Public,State Government,Unknown,Itas/Gadau,Kashuri,11.79326,10.2114417,,4.4,0,Valid
SN_517725944D,Mai Jama'A Clinic,Primary,Clinic,Clinic,Private,Unknown,Functional,Bauchi,Dan Kade,10.31748,9.8384800000001,05/02/1/1/2/0019,,0,Valid
SN_633B8D3D5D,Natsira Health Post,Primary,Health Post,Health Post,Public,State Government,Unknown,Ganjuwa,Kariya A,10.8751135,9.6560218,,7.883,0,Valid
SN_21AA4ECEB1,Katabarwa Primary Health Centre,Primary,Primary Health Center,PHC,Public,State Government,Unknown,Shira,Sambowal,11.5823985,9.9199964,,9.433,0,Valid
SN_151BF03B94,Gwallarai Primary Health Centre,Primary,Clinic,Clinic,Public,State Government,Unknown,Tafawa-Balewa,Bununu A,9.846572,9.583986,,9.231,0,Valid
SN_F98256ADFD,Latahzan Clinic And Maternity,Secondary,Maternity Home,Maternity,Private,For Profit,Unknown,Toro,Tilde,10.043642,8.994383,,,0,Valid
SN_1A8D2E8179,Baraza Primary Health Centre,Primary,Primary Health Center,PHC,Public,State Government,Unknown,Dass,Baraza,9.9668209,9.4392259,,3.9,0,Valid
SN_55C645A770,Yuguda Cottage Hospital,Secondary,Cottage Hospital,Hospital,Private,Unknown,Functional,Bauchi,Mun Munsal,10.05176,9.03174,05/02/1/1/2/0029,,1,Valid
SN_57B22E48D9,Palla Health Post,Primary,Health Post,Health Post,Public,Unknown,Functional,Bauchi,Yamrat,10.06011,9.71018,05/02/1/1/1/0073,,1,Valid
SN_BF98A73498,Garam Health Post,Primary,Health Post,Health Post,Public,State Government,Unknown,Dass,Bununu Central,9.9733533,9.5207283,,9.5,1,Valid
SN_87D8F5BBAD,Jiro Health Centre,Primary,Clinic,Clinic,Public,State Government,Unknown,Darazo,Wahu,11.3577222,10.6054357,,6.892,0,Valid
SN_5B6DA1CDBB,Amarks Health Clinic,Primary,Clinic,Clinic,Private,Unknown,Functional,Toro,Zaranda,10.22047,9.39911,05/18/1/1/2/0007,,0,Valid
SN_E812F20154,Barkaya Primary Health Centre,Primary,Primary Health Center,PHC,Public,State Government,Unknown,Ganjuwa,Yali,10.5167481,9.8698954,,9.8,0,Valid
SN_5CD34B2DA2,Dashem Yelwa Health Clinic,Primary,Clinic,Clinic,Public,Unknown,Functional,Bogoro,Boi,7.38711,8.66668,05/03/1/1/1/0012,,1,Outside Bauchi
SN_5D93D12ACB,Zahara Medical Clinic,Secondary,Clinic,Clinic,Private,Unknown,Functional,Bauchi,Makama B,10.29627,9.83266,05/02/1/2/2/0110,,0,Valid
SN_31219ECFA9,Magami Health Post,Primary,Health Post,Health Post,Public,State Government,Unknown,Ningi,Burra,11.0353561,8.8937921,,9.433,0,Valid
SN_24A8FC0852,Toro General Hospital,Secondary,General Hospital,Hospital,Public,State Government,Functional,Toro,Toro,10.05504419,9.04222453,,,0,Valid
SN_D409990E01,Lariski Health Post,Primary,Health Post,Health Post,Public,State Government,Unknown,Katagum,Madara,11.6807759,10.4819511,,10.0,0,Valid
SN_6184BE92AE,Kameme Health Post,Primary,Health Post,Health Post,Public,Unknown,Functional,Zaki,Amarmari,12.13572,10.33869,05/20/1/1/1/0029,,2,Valid
SN_1398ECA9F5,Toro Primary Health Centre,Primary,Primary Health Center,PHC,Public,State Government,Unknown,Toro,Toro,10.0584405,9.0643664,,9.48,0,Valid
SN_C23B98E4E4,Tumu Health Post,Primary,Health Post,Health Post,Public,State Government,Unknown,Toro,Tilde,10.0676415,8.9645119,,8.15,0,Valid
SN_0DF9E87252,Mainari Primary Health Centre,Primary,Primary Health Center,PHC,Public,State Government,Unknown,Misau,Ajili,11.2969667,10.5411,,3.9,0,Valid
SN_66F1346793,Shira Primary Health Centre,Primary,Primary Health Center,PHC,Public,State Government,Unknown,Alkaleri,Dan,10.0545357,10.2826588,,9.862,1,Valid
SN_64537F4227,Reemee Clinic,Secondary,Clinic,Clinic,Private,Unknown,Functional,Bauchi,Dan Iya,10.31375,9.8215430000001,05/02/1/1/2/0024,,0,Valid
SN_E3DFFA50DC,Karya Shinge Health Post,Primary,Health Post,Health Post,Public,State Government,Unknown,Damban,Jalam,11.5076313,10.8961342,,1.169,1,Valid
SN_8E79827790,Jabbori Primary Health Centre,Primary,Primary Health Center,PHC,Public,State Government,Unknown,Jama'are,Yola,11.676748,9.9974928,,9.237,0,Valid
SN_09698AB4C6,Jalban Health Post,Primary,Health Post,Health Post,Public,State Government,Unknown,Dass,Polchi,10.1408721,9.4351648,,3.988,0,Valid
SN_81DEDBDAFF,Yalwan Darazo Primary Health Centre,Primary,Primary Health Center,PHC,Public,State Government,Unknown,Darazo,Tauya West,10.8872191,10.3580162,,6.244,0,Valid
SN_2195306BE9,Tumfafi Health Post,Primary,Health Post,Health Post,Public,State Government,Unknown,Shira,Tumfafi,11.4436579,10.1641473,,8.86,0,Valid
SN_4B9780005E,Ringya Health Post,Primary,Health Post,Health Post,Public,State Government,Unknown,Ningi,Bashe,11.2458133,9.0133252,,9.102,0,Valid
SN_6BA4EFE69C,K / Zaki Health Post,Primary,Health Post,Health Post,Public,Unknown,Functional,Ningi,Jangu,9.35301,10.51541,05/15/1/1/1/0067,,1,Valid
SN_6EC5A81E8C,Dingashi Health Post,Primary,Health Post,Health Post,Public,Unknown,Functional,Giade,Faguji,11.53904,10.28844,05/09/1/1/1/0004,,2,Valid
SN_8921324582,Durum Primary Health Centre,Primary,Primary Health Center,PHC,Public,State Government,Unknown,Bauchi,Kundun Durum,10.514917,9.7619099,,9.821,0,Valid
SN_4DC1CBAA19,Kamaku Primary Health Centre,Primary,Clinic,Clinic,Public,State Government,Unknown,Jama'are,Hanafari,11.5399931,9.9160684,,9.16,0,Valid
SN_71A8A1F916,Bambal Primary Health Centre,Primary,Primary Health Center,PHC,Public,Unknown,Functional,Itas/Gadau,Bambal,11.8579892,9.9631357,05/10/1/1/1/0006,,1,Valid
SN_E360FE4DEE,Gayau Health Post,Primary,Clinic,Clinic,Public,State Government,Unknown,Gamawa,Gamawa South,12.1285344,10.5378136,,6.8,0,Valid
SN_D344FCE1E9,Dogon Ruwa Health Post,Primary,Health Post,Health Post,Public,State Government,Unknown,Ningi,Kudu Yamma,10.8103622,9.2221424,,9.163,0,Valid
SN_ECEEA0406A,Dumba Health Post,Primary,Health Post,Health Post,Public,State Government,Unknown,Dass,Polchi,10.0617335,9.4559194,,2.647,2,Valid
SN_8475D60AFD,Zongoma Health Post,Primary,Health Post,Health Post,Public,State Government,Unknown,Kirfi,Tubule,10.4249828,10.782105,,4.161,0,Valid
SN_8A8DDF757B,Faggo Primary Health Centre,Primary,Primary Health Center,PHC,Public,State Government,Unknown,Shira,Faggo A,11.384757,9.9580531,,9.4,0,Valid
SN_75593A1B94,Al-Furqan Clinic,Secondary,Clinic,Clinic,Private,Unknown,Functional,Bauchi,Dan Iya,10.31156,9.83104,05/02/1/2/2/0101,,0,Valid
SN_062F3C7AFD,Gyaduwa Health Post,Primary,Health Post,Health Post,Public,State Government,Unknown,Ganjuwa,Ganjuwa A,10.9414751,10.0941829,,1.011,2,Valid
SN_6EB9A54AB3,Kari Primary Health Care,Primary,Primary Health Center,PHC,Public,Local Government,Functional,Darazo,Lago,11.240816,10.553676,,,0,Valid
SN_7A430546DB,Dambar Primary Health Clinic,Primary,Primary Health Clinic,PHC,Public,Unknown,Functional,Bogoro,Gambar,8.72202,9.05959,05/03/1/1/1/0011,,1,Outside Bauchi
SN_01AB199191,Ningi Town Health Post,Primary,Health Post,Health Post,Public,State Government,Unknown,Ningi,Ningi West,11.0752009,9.5614169,,9.405,0,Valid
SN_19DC8FA6EA,Fetere Health Post,Primary,Health Post,Health Post,Public,State Government,Unknown,Jama'are,Jurara,11.6173766,9.8331801,,9.3,0,Valid
SN_086240C80A,Futuk Primary Health Center,Primary,Primary Health Center,PHC,Public,Local Government,Functional,Alkaleri,Futuk East,9.82977243,10.90186816,,,0,Valid
SN_8CCF333A97,School Of Armour Clinic,Secondary,Clinic,Clinic,Public,Federal Government,Functional,Bauchi,Dan Iya,10.35528565,9.830078125,,,0,Valid
SN_7C0C2BF5E0,Gyara Primary Health Care Centre,Primary,Primary Health Center,PHC,Public,Unknown,Functional,Bogoro,Gyara,7.00281,8.20548,05/10/1/1/1/0017,,1,Outside Bauchi
SN_F1472BBD05,Kafin Bubari Primary Health Centre,Primary,Health Post,Health Post,Public,State Government,Unknown,Misau,Gwaram,11.4885627,10.5228541,,5.544,0,Valid
SN_39706B967F,Gadiya Health Post,Primary,Health Post,Health Post,Public,State Government,Unknown,Gamawa,Gadiya,11.962867,10.4452091,,1.477,0,Valid
SN_E4EA59E0EF,Katsalle Health Post,Primary,Health Post,Health Post,Public,State Government,Unknown,Bauchi,Galambi,10.1651201,10.1764501,,9.994,0,Valid
SN_3E8ED57655,Iyayi Health Clinic,Primary,Clinic,Clinic,Public,State Government,Unknown,Ningi,Balma,11.3065367,9.24522,,9.4,0,Valid
SN_70879C5947,Burgel Primary Health Centre,Primary,Clinic,Clinic,Public,State Government,Unknown,Tafawa-Balewa,Wai A,9.8873333,9.4793017,,4.8,0,Valid
SN_33A07E417C,Gamki Primary Health Centre,Primary,Health Post,Health Post,Public,State Government,Unknown,Dass,Baraza,10.0143307,9.454639,,2.927,0,Valid
SN_1FE0195C89,Dori Primary Health Centre,Primary,Primary Health Center,PHC,Public,State Government,Unknown,Toro,Jama A,10.1888128,9.5384712,,5.07,0,Valid
SN_6FBD56B60E,Alkalerin Digare Health Clinic,Primary,Clinic,Clinic,Public,State Government,Unknown,Alkaleri,Yalo 2,9.7005867,10.7923867,,8.5,0,Valid
SN_07276F8F46,Gurara Health Post,Primary,Health Post,Health Post,Public,State Government,Unknown,Zaki,Gumai,12.012394,10.3660343,,5.7,2,Valid
SN_DFD026EB11,Lariski Primary Health Centre,Primary,Primary Health Center,PHC,Public,State Government,Unknown,Kirfi,Bara,10.34429,10.8112333,,5.4,1,Valid
SN_87B7CA9A9D,Azare Federal Medical Centre,Tertiary,Federal Medical Center,Hospital,Public,Unknown,Functional,Katagum,Nasarawa A,11.67483702,10.19622319,05/12/1/2/1/0001,,0,Valid
SN_263EB80261,Gongo Dispensary,Primary,Health Post,Health Post,Public,Local Government,Functional,Jama'are,Dogon Jeji C,11.71101082,9.95854079,,,0,Valid
SN_A1573A3247,Munsal Primary Health Centre,Primary,Health Post,Health Post,Public,State Government,Unknown,Bauchi,Mun Munsal,10.0219533,9.953355,,5.7,0,Valid
SN_0E9984579C,Warji General Hospital,Secondary,General Hospital,Hospital,Public,Unknown,Functional,Warji,Ranga A,11.19224498,9.7525799,,,0,Valid
SN_ED0F53E83E,Buzum Health Post,Primary,Health Post,Health Post,Public,State Government,Unknown,Ganjuwa,Nassarawa A,10.7110652,10.0583102,,9.8,0,Valid
SN_8A768360A7,Zwall Primary Health Centre,Primary,Primary Health Center,PHC,Public,Unknown,Functional,Tafawa-Balewa,Wai A,9.83686,9.97397,05/17/1/1/1/0078,,2,Valid
SN_F76C5B4BFC,Yubunga Primary Health Centre,Primary,Primary Health Center,PHC,Public,State Government,Unknown,Darazo,Sade West,11.247543,10.5797193,,9.554,0,Valid
SN_8CEEF1ED26,Gambar Primary  Health Centre,Primary,Primary Health Center,PHC,Public,Unknown,Functional,Bogoro,Gambar,8.07171,9.42929,05/03/1/1/1/0027,,1,Outside Bauchi
SN_4EF56337A6,Jamda Health Post,Primary,Health Post,Health Post,Public,State Government,Unknown,Alkaleri,Birin Gigyara,9.8864197,9.8748715,,9.648,0,Valid
SN_EF0891BFB2,Gangawa Primary Health Centre,Primary,Clinic,Clinic,Public,State Government,Unknown,Gamawa,Kore,12.1749582,10.3568369,,3.498,0,Valid
SN_18E6A765F8,Sabon Sara Health Post,Primary,Health Post,Health Post,Public,State Government,Unknown,Zaki,Gumai,12.0247867,10.382345,,6.9,0,Valid
SN_90A2097366,Surama Health Clinic,Primary,Clinic,Clinic,Private,Unknown,Functional,Tafawa-Balewa,Wai B,9.76164,9.54668,05/17/1/1/2/0097,,0,Valid
SN_936608D260,Hamid Clinic,Primary,Clinic,Clinic,Private,Unknown,Functional,Ganjuwa,Miya A,10.94163,10.354362,05/08/1/1/2/0001,,2,Valid
SN_94F1BCC089,Dambam Atbu Outreach Center,Tertiary,Outreach Center,Other,Public,Unknown,Functional,Damban,Dambam B,11.67738,10.72086,05/04/1/3/1/0052,,2,Valid
SN_6ACF4B9074,Unguwar Mahaukata Health Clinic,Primary,Primary Health Center,PHC,Public,State Government,Unknown,Bauchi,Dan Amar B,10.2969867,9.8492517,,9.1,0,Valid
SN_085AEAD757,Pingel Primary Health Centre,Primary,Primary Health Center,PHC,Public,State Government,Unknown,Toro,Wonu North,10.3397975,9.0834842,,7.972,0,Valid
SN_B2DDE254FE,Digawan Primary Health Centre,Primary,Primary Health Center,PHC,Public,State Government,Unknown,Ganjuwa,Ganjuwa A,10.8105531,9.9811538,,2.258,0,Valid
SN_1A52B367E9,Badaran Dutse Health Post,Primary,Health Post,Health Post,Public,State Government,Unknown,Alkaleri,Birin Gigyara,10.0161802,10.1353468,,9.648,0,Valid
SN_9DD471DDF4,Al-Jazeemah Health Clinic,Primary,Clinic,Clinic,Private,Unknown,Functional,Ningi,Nasaru A,11.23162,9.60351,05/15/1/1/1/0006,,1,Valid
SN_9E8B50222B,Rehu Primary Health Centre,Primary,Primary Health Center,PHC,Public,Unknown,Functional,Bauchi,Miri,10.30952,9.75605,05/02/1/1/1/0094,,0,Valid
SN_B36F50873D,Feshingo Primary Health Centre,Primary,Clinic,Clinic,Public,State Government,Unknown,Kirfi,Shongo,10.5622479,10.4286933,,7.5,0,Valid
SN_09657F131D,Katagum Town Maternal And Child Health,Primary,Primary Health Center,PHC,Public,State Government,Unknown,Zaki,Katagum,12.286649,10.3564871,,5.271,0,Valid
SN_9654594152,Lomi Primary Health Centre,Primary,Primary Health Center,PHC,Public,State Government,Unknown,Kirfi,Bara,10.406325,10.793965,,9.0,1,Valid
SN_736C51D8DD,Wuro Mayo Primary Health Centre,Primary,Clinic,Clinic,Public,State Government,Unknown,Tafawa-Balewa,Dull A,9.6990364,9.8110828,,1.991,0,Valid
SN_A1749DF6B6,Ardo Standard Medical,Secondary,Unknown,Unknown,Private,Unknown,Functional,Katagum,Nasarawa B,11.67414,10.18461,05/12/1/1/1/0037,,1,Valid
SN_6070E1E04C,Bunjan Health Clinic,Primary,Clinic,Clinic,Public,State Government,Unknown,Dass,Bununu West,9.9667108,9.4938312,,8.791,0,Valid
SN_86537715E3,Nasarawa Jahun Primary Health Centre,Primary,Primary Health Center,PHC,Public,State Government,Unknown,Bauchi,Makama B,10.3028195,9.8326039,,6.2,2,Valid
SN_F11C3DD55A,Family Planning Clinic,Primary,Primary Health Center,PHC,Public,State Government,Unknown,Bauchi,Makama A,10.2948002,9.8440162,,8.9,0,Valid
SN_56B3D493A3,Jambil Primary Health Centre,Primary,Clinic,Clinic,Public,State Government,Unknown,Tafawa-Balewa,Bula A,9.9502077,9.7546656,,9.028,0,Valid
SN_6941C5B9E3,Balen Fulani Health Post,Primary,Clinic,Clinic,Public,State Government,Unknown,Misau,Gugulin,11.4374922,10.5938949,,3.79,0,Valid
SN_07F12E1521,Yaba Primary Health Centre,Primary,Primary Health Center,PHC,Public,State Government,Unknown,Damban,Garuza,11.6422293,10.6421437,,9.733,0,Valid
SN_FE78243B64,Gwashe Primary Health Centre,Primary,Clinic,Clinic,Public,State Government,Unknown,Tafawa-Balewa,Wai A,9.8332017,9.3819831,,10.0,3,Valid
SN_34BDCEAAA7,Kurba Primary Health Centre,Primary,Primary Health Center,PHC,Public,State Government,Unknown,Giade,Chinkani,11.2910598,10.2069673,,1.62,1,Valid
SN_0550E38F68,Rinjin Gura Health Post,Primary,Health Post,Health Post,Public,State Government,Unknown,Toro,Zalau,10.3185523,8.9791861,,4.784,0,Valid
SN_57F81E9DFA,Zango Primary Health Centre,Primary,Primary Health Center,PHC,Public,State Government,Unknown,Bauchi,Dan Iya,10.2828842,9.8345748,,9.38,0,Valid
SN_28144435DC,City Clinic,Secondary,Clinic,Clinic,Private,For Profit,Functional,Bauchi,Dan Iya,10.31080806,9.826641935,,,0,Valid
SN_ACA65A31C8,Bulaburin Health Post,Primary,Health Post,Health Post,Public,Unknown,Functional,Gamawa,Taranka,11.79297,10.55796,05/07/1/1/1/0007,,1,Valid
SN_F979CA7BE8,Garin Gami Primary Health Centre,Primary,Primary Health Center,PHC,Public,State Government,Unknown,Zaki,Tashena,12.3070967,10.2008918,,9.4,0,Valid
SN_AF9BCF22D0,Sauki Health Clinic,Primary,Clinic,Clinic,Private,Unknown,Functional,Toro,Zabolo,10.20334,8.93981,05/18/1/1/1/0076,,0,Valid
SN_AFD9F1FF0A,Danmaigoro Hospital,Secondary,Hospital,Hospital,Private,Unknown,Functional,Toro,Toro,10.06776,9.12667,05/18/1/2/2/0001,,0,Valid
SN_47EEE7F72C,Jada Health Post,Primary,Health Post,Health Post,Public,State Government,Unknown,Alkaleri,Pali East,9.9940414,10.7318872,,9.433,1,Valid
SN_B1474D5579,Luda Primary Health Care Center,Primary,Primary Health Center,PHC,Public,Unknown,Functional,Bauchi,Yamrat,10.04149,9.73676,05/02/1/1/1/0066,,2,Valid
SN_883E4E48DB,Dewu Primary Health Centre,Primary,Primary Health Center,PHC,Public,State Government,Unknown,Kirfi,Dewu,10.5070007,10.4463045,,6.95,0,Valid
SN_B85747E99A,Burarana Primary Health Centre,Primary,Primary Health Center,PHC,Public,State Government,Unknown,Warji,Ranga B,11.1609189,9.7552979,,7.66,0,Valid
SN_AEF253A27F,Faguji Primary Health Centre,Primary,Primary Health Center,PHC,Public,State Government,Unknown,Giade,Faguji,11.5154933,10.2611417,,9.7,0,Valid
SN_F96B38C2E1,Nana Kashim Shetima Paediatric Primary Health Centre,Primary,Clinic,Clinic,Public,State Government,Unknown,Darazo,Sade East,11.3587512,10.6703662,,7.861,0,Valid
SN_7B6C9CF96D,Lere Primary Health Care,Primary,Primary Health Center,PHC,Public,Local Government,Functional,Tafawa-Balewa,Lere North,9.71306916,9.33751667,,,0,Valid
SN_1C08851D8D,Mawurni Bisa Primary Health Centre,Primary,Primary Health Center,PHC,Public,State Government,Unknown,Tafawa-Balewa,Wai B,9.7588228,9.4380044,,9.875,0,Valid
SN_FF48211E0B,Gigyara Health Clinic,Primary,Primary Health Center,PHC,Public,State Government,Unknown,Alkaleri,Birin Gigyara,9.882839,9.9192867,,9.004,0,Valid
SN_B5E6D0FBC9,Bar Primary Health Clinic,Primary,Primary Health Clinic,PHC,Public,Unknown,Functional,Bogoro,Bar,6.67848,7.62717,05/03/1/1/1/0003,,2,Outside Bauchi
SN_E7ACB86EB3,Sabon Gari Health Post,Primary,Health Post,Health Post,Public,State Government,Unknown,Zaki,Maiwa,12.401205,10.2829,,8.8,0,Valid
SN_B53B87FCF1,Kwarati Health Post,Primary,Health Post,Health Post,Public,State Government,Unknown,Darazo,Gabarin East,11.0947749,10.3806517,,5.2,0,Valid
SN_D71FA4341C,Madachi Primary Health Centre,Primary,Primary Health Center,PHC,Public,State Government,Unknown,Katagum,Madachi,11.4999572,10.426677,,6.05,0,Valid
SN_B80B3AE4F6,Kakudi Health Clinic,Primary,Clinic,Clinic,Public,Unknown,Functional,Katagum,Matsango,5.12425,7.5222,05/12/1/1/1/0047,,1,Outside Bauchi
SN_3E69D7B0BD,Wailo Primary Health Centre,Primary,Primary Health Center,PHC,Public,State Government,Unknown,Ganjuwa,Kubi B,10.712385,10.2321367,,5.9,0,Valid
SN_4ACEFCAD33,Dass Town Maternity Centre,Primary,Primary Health Center,PHC,Public,State Government,Unknown,Dass,Bununu Central,10.001971,9.5108748,,3.9,0,Valid
SN_BEF4CB6D12,Asaf Urocare Hospital Azare,Secondary,Unknown,Unknown,Private,Unknown,Functional,Katagum,Nasarawa B,11.66936,10.20297,05/12/1/2/2/0042,,1,Valid
SN_BF5DC7345D,Wadyum And Wayo Memorial Clinic,Primary,Clinic,Clinic,Private,Unknown,Functional,Bauchi,Birshi,10.26785,9.79928,05/02/1/1/2/0095,,0,Valid
SN_49EA632FB6,Wuro Jamel Primary Health Centre,Primary,Primary Health Center,PHC,Public,State Government,Unknown,Bauchi,Mun Munsal,9.9620417,9.9088517,,5.9,0,Valid
SN_47665BFCD4,Bununu A Maternity,Primary,Maternity Home,Maternity,Public,Local Government,Functional,Tafawa-Balewa,Bununu A,9.886315,9.681926,,,0,Valid
SN_C3CD6A6E63,Nurayni Health Clinic,Primary,Clinic,Clinic,Private,Unknown,Functional,Toro,Wonu North,10.25825,9.01218,05/18/1/1/2/0015,,0,Valid
SN_79E6B03546,Kalajanga Primary Health Centre,Primary,Primary Health Center,PHC,Public,State Government,Unknown,Kirfi,Bara,10.3283417,10.6366767,,8.8,0,Valid
SN_C537088CD4,Bayara Infectious Diseases Hospital,Secondary,Hospital,Hospital,Public,Unknown,Functional,Bauchi,Birshi,10.22449,9.73514,05/02/1/2/1/0003,,1,Valid
SN_019E58EA71,Hardawa Primary Health Centre,Primary,Primary Health Center,PHC,Public,State Government,Unknown,Misau,Hardawa,11.413135,10.46185,,3.9,0,Valid
SN_AD3538DF8A,Masaku Health Post,Primary,Health Post,Health Post,Public,State Government,Unknown,Katagum,Madachi,11.4907387,10.3698126,,5.0,0,Valid
SN_C5B11302BA,Ahmadu Wabi Primary Health Centre,Primary,Primary Health Center,PHC,Public,Unknown,Functional,Jama'are,Dogon Jeji C,11.4243,9.5629,05/11/1/1/1/0040,,0,Valid
SN_E44FB863A4,Rumbuna Health Post,Primary,Health Post,Health Post,Public,State Government,Unknown,Giade,Zabi,11.4734077,10.3145414,,1.214,0,Valid
SN_C6AF883E60,Banram Primary Health Clinic,Primary,Primary Health Clinic,PHC,Public,Unknown,Functional,Bogoro,Project,6.16428,7.97672,05/03/1/1/1/0002,,1,Outside Bauchi
SN_20502B5526,Gwarmawa Health Post,Primary,Health Post,Health Post,Public,State Government,Unknown,Damban,Yame,11.5649172,10.6463438,,9.35,0,Valid
SN_764D9ADDD2,Lushi Health Post,Primary,Health Post,Health Post,Public,State Government,Unknown,Bauchi,Birshi,10.2665767,9.8111617,,1.8,0,Valid
SN_EA5E021E85,Barmo Health Post,Primary,Health Post,Health Post,Public,State Government,Unknown,Misau,Gwaram,11.485081,10.5694889,,7.222,0,Valid
SN_108539ABDC,Gameru Primary Health Centre,Primary,Primary Health Center,PHC,Public,State Government,Unknown,Ganjuwa,Miya C,10.8152641,9.7807745,,9.0,0,Valid
SN_CA1C14F2E5,Assalam Hospital,Secondary,Hospital,Hospital,Private,Unknown,Functional,Bauchi,Tirwun,10.35632,9.86095,05/02/1/2/2/0114,,0,Valid
SN_B09DF753AB,Ziramai Health Post,Primary,Clinic,Clinic,Public,State Government,Unknown,Katagum,Ragwam,11.7136983,10.006685,,8.0,0,Valid
SN_9A86384717,Ragwam Maternity Primary Health Centre,Primary,Primary Health Center,PHC,Public,State Government,Unknown,Katagum,Ragwam,11.7435034,10.1084648,,9.283,0,Valid
SN_ADAADB8F1B,Loyi Health Post,Primary,Health Post,Health Post,Public,State Government,Unknown,Ganjuwa,Nassarawa A,10.5854096,10.008544,,9.96,0,Valid
SN_A834659F16,Gwaltukurwa Health Post Primary Health Centre,Primary,Health Post,Health Post,Public,State Government,Unknown,Dass,Wandi,9.9269027,9.5007891,,9.766,0,Valid
SN_131F49B012,Wuronange Primary Health Centre,Primary,Primary Health Center,PHC,Public,State Government,Unknown,Giade,Chinkani,11.3397197,10.235025,,2.703,0,Valid
SN_F9256C89FE,Hammadada Dispensary,Primary,Health Post,Health Post,Public,Local Government,Functional,Bauchi,Yamrat,10.01757093,9.82690073,,,0,Valid
SN_4A8AE48349,Gaskiya Bako Medical Clinic,Primary,Clinic,Clinic,Private,For Profit,Unknown,Tafawa-Balewa,Wai B,9.76937,9.54373,,,0,Valid
SN_D1914735B2,Lusa Primary Health Care Centre,Primary,Primary Health Center,PHC,Public,Unknown,Functional,Bogoro,Lusa,7.71122,8.31746,05/03/1/1/1/0022,,1,Outside Bauchi
SN_BE18FED7B7,Gulawa Primary Health Centre,Primary,Primary Health Center,PHC,Public,State Government,Unknown,Bauchi,Tirwun,10.3678948,10.1535254,,5.626,0,Valid
SN_D358D621FF,Vaseco Vaginal Fistula,Tertiary,Specialized Hospital,Hospital,Public,Unknown,Functional,Ningi,Ningi East,11.01832,9.57576,05/15/1/3/1/0077,,1,Valid
SN_D372D62D07,Naf Refferal  Centre,Secondary,Unknown,Unknown,Public,Unknown,Functional,Bauchi,Kundun Durum,10.38406,9.71759,05/02/1/2/1/0107,,0,Valid
SN_4C96AA7EE5,Kadija Memorial Hospital,Primary,Hospital,Hospital,Private,For Profit,Functional,Toro,Toro,10.068691,9.131282,,,0,Valid
SN_C418483265,Bakari Health Post,Primary,Health Post,Health Post,Public,State Government,Unknown,Zaki,Murmur South,11.9443971,10.213055,,2.65,0,Valid
SN_800EBF6405,Rimi Maternity,Primary,Maternity Home,Maternity,Public,Local Government,Functional,Alkaleri,Yuli,9.559875488,10.51269531,,,0,Valid
SN_D62794A36C,Mwari Pmss Primary Health Clinic,Primary,Primary Health Clinic,PHC,Private,Unknown,Functional,Bogoro,Mwari,8.72202,9.76249,05/03/1/1/2/0002,,1,Outside Bauchi
SN_D6EEE90145,Bununu Cottage Hospital,Primary,Cottage Hospital,Hospital,Public,Unknown,Functional,Tafawa-Balewa,Bununu A,9.87964,9.68599,05/17/1/1/1/0041,,0,Valid
SN_D6FE77C45A,Makama Health Clinic,Primary,Clinic,Clinic,Private,Unknown,Functional,Toro,Tilde,10.504539,8.99313,05/18/1/1/2/0013,,1,Valid
SN_D18F988AF8,Azare General Hospital,Secondary,General Hospital,Hospital,Public,State Government,Functional,Katagum,Kasuwar Kaji,11.68148037,10.18295787,,,0,Valid
SN_818BBDC707,Ungwar Dashi Health Post,Primary,Health Post,Health Post,Public,State Government,Unknown,Bauchi,Gwaskwaram,10.1942437,9.9545242,,2.9,0,Valid
SN_D925CDA86C,Sabon Layi Primary Health Centre,Primary,Primary Health Center,PHC,Public,State Government,Unknown,Bauchi,Tirwun,10.364323,9.8399492,,4.242,0,Valid
SN_F8C7072542,Rinji Gani Maternal And Child Health,Primary,Primary Health Center,PHC,Public,State Government,Unknown,Toro,Ribina East,10.0620803,9.0980464,,7.233,0,Valid
SN_9AA392E701,Madawai Health Post Primary Health Centre,Primary,Primary Health Center,PHC,Public,State Government,Unknown,Damban,Muzuwa,11.682755,10.7657633,,7.1,0,Valid
SN_DD275EC8F4,Gizaki Primary Health Clinic,Primary,Primary Health Clinic,PHC,Public,Unknown,Functional,Bogoro,Badagari,7.83511,5.65094,05/03/1/1/1/0017,,1,Outside Bauchi
SN_DD6C4A3FD5,Hauza Health Clinic,Secondary,Clinic,Clinic,Private,Unknown,Functional,Misau,Kukadi A,11.31925,10.46125,05/14/1/2/2/0049,,0,Valid
SN_CC372AF570,Ningi Health Post,Primary,Health Post,Health Post,Private,For Profit,Functional,Ningi,Ningi East,11.09099324,9.5710192,,,0,Valid
SN_ADF1210FFB,Raga Health Post,Primary,Health Post,Health Post,Public,State Government,Unknown,Gamawa,Raga,11.8427272,10.5859094,,2.456,0,Valid
SN_E2F5455463,Boi Cocin Primary Health Clinic,Primary,Primary Health Clinic,PHC,Private,Unknown,Functional,Bogoro,Boi,7.07037,8.97672,05/03/1/1/2/0001,,1,Outside Bauchi
SN_E38350D756,Planned Parenthood Federation Of Nigeria ( Fp ),Primary,Unknown,Unknown,Private,Unknown,Functional,Bauchi,Dan Amar B,10.293342,9.847382,05/02/1/1/2/0023,,2,Valid
SN_8C64B00BCD,Jimin Health Post,Primary,Health Post,Health Post,Public,State Government,Unknown,Darazo,Gabarin West,11.1507552,10.3560996,,3.976,0,Valid
SN_D910433BDB,Rauta Health Post,Primary,Health Post,Health Post,Public,State Government,Unknown,Toro,Rauta/Geji,10.5194547,9.5691271,,7.991,0,Valid
SN_60DBADD348,Mundu Health Post,Primary,Health Post,Health Post,Public,State Government,Unknown,Toro,Zaranda,10.4355965,9.4138948,,1.097,0,Valid
SN_C3C1300DE1,Kadage ( Bauchi ) Health Post,Primary,Health Post,Health Post,Public,State Government,Unknown,Bauchi,Birshi,10.1614667,9.6908783,,2.608,0,Valid
SN_AF173B3B38,Duguri Health Post,Primary,Health Post,Health Post,Public,State Government,Unknown,Alkaleri,Yuli,9.6982714,10.2736489,,8.576,1,Valid
SN_E7E14294BA,Datsang Primary Health Care Centre,Primary,Primary Health Center,PHC,Public,Unknown,Functional,Bogoro,Badagari,7.12137,6.44648,05/03/1/1/1/0013,,1,Outside Bauchi
SN_28329B99E5,Binuyu Health Post,Primary,Health Post,Health Post,Public,State Government,Unknown,Damban,Zaura,11.7643795,10.8550424,,1.549,0,Valid
SN_CED60C210B,Kasuwa Primary Health Centre,Primary,Clinic,Clinic,Public,State Government,Unknown,Gamawa,Udubo Central,11.903293,10.6183704,,3.42,0,Valid
SN_EA8E2DBF1E,Jadori Health Post,Primary,Health Post,Health Post,Public,Unknown,Functional,Gamawa,Jadori,12.22374,10.57614,05/07/1/1/1/0025,,1,Valid
SN_C1833BC97A,Beli Primary Health Centre,Primary,Primary Health Center,PHC,Public,State Government,Unknown,Shira,Gagidiba,11.563747,9.9794049,,1.942,1,Valid
SN_BB401B17AA,Dumun Health Post,Primary,Health Post,Health Post,Public,State Government,Unknown,Ganjuwa,Yali,10.50232,9.90048,,6.3,0,Valid
SN_60B3507EF6,Tamba Health Post,Primary,Health Post,Health Post,Public,State Government,Unknown,Ningi,Bashe,11.1261967,8.914997,,9.708,0,Valid
SN_FFB77F3279,Zazika Health Clinic,Primary,Health Post,Health Post,Public,State Government,Unknown,Ningi,Nasaru A,11.2970133,9.5493034,,7.585,0,Valid
SN_4A5F88E165,Kafin Gara Health Post,Primary,Health Post,Health Post,Public,State Government,Unknown,Shira,Sambowal,11.5567393,9.9434369,,1.137,0,Valid
SN_EC7BC05351,Lafiyan Sara Primary Health Care Centre,Primary,Primary Health Center,PHC,Public,Unknown,Functional,Bogoro,Bar,7.90571,4.49433,05/03/1/1/1/0021,,1,Outside Bauchi
SN_1BEEB43AFF,Gambara Health Post,Primary,Health Post,Health Post,Public,State Government,Unknown,Itas/Gadau,Magarya,11.827954,9.6907081,,0.977,1,Valid
SN_A71F457C63,Gungura Health Clinic,Primary,Clinic,Clinic,Public,State Government,Unknown,Ganjuwa,Gungura A,10.6311533,10.4223691,,1.235,0,Valid
SN_F36BA864FB,Tale Health Clinic,Primary,Health Post,Health Post,Public,State Government,Unknown,Damban,Jalam,11.6017587,10.8655792,,2.532,1,Valid
SN_EDB67B706C,Azare Aminu Saleh Primary Health Center,Primary,Primary Health Center,PHC,Public,Unknown,Functional,Katagum,Nasarawa A,11.68113,10.21713,05/12/1/1/1/0037,,0,Valid
SN_EE75689F74,Sheamless Clinic And Maternity,Secondary,Maternity Home,Maternity,Private,Unknown,Functional,Warji,Baima,11.12813,9.78293,05/19/1/2/2/0040,,0,Valid
SN_4DCD298DC7,Bujala Primary Health Centre,Primary,Primary Health Center,PHC,Public,State Government,Unknown,Warji,Tiyin A,11.1677129,9.8486562,,5.93,0,Valid
SN_AF9190CF9C,Masuwa Primary Health Centre,Primary,Primary Health Center,PHC,Public,State Government,Unknown,Ganjuwa,Kubi A,10.6031706,10.2145472,,1.715,0,Valid
SN_F1CBF1936D,Al-Huda Health Clinic,Primary,Clinic,Clinic,Private,Unknown,Functional,Toro,Wonu North,10.25083,9.01695,05/18/1/1/2/0002,,0,Valid
SN_F30B567709,Dambam Nursing Home,Primary,Nursing / Convalescent Home,Other,Private,Unknown,Functional,Bauchi,Tirwun,10.35433,9.84457,05/02/1/1/2/0113,,0,Valid
SN_FA28849CAA,Bangire Primary Health Centre,Primary,Primary Health Center,PHC,Public,State Government,Unknown,Shira,Bangire,11.3196933,10.0426383,,3.9,0,Valid
SN_112066AFE3,Garin Sale Maimaciji Primary Health Clinic,Primary,Primary Health Center,PHC,Public,State Government,Unknown,Kirfi,Bara,10.26515,10.6690083,,4.2,0,Valid
SN_504B856B8A,Gidirgi Primary Health Centre,Primary,Clinic,Clinic,Public,State Government,Unknown,Bauchi,Gwaskwaram,10.2043262,9.9405214,,4.4,0,Valid
SN_2E187B887E,Nahuta Maternal And Child Health,Primary,Primary Health Center,PHC,Public,State Government,Unknown,Toro,Rauta/Geji,10.4951164,9.6211578,,7.202,0,Valid
SN_F62B166C04,Sauki Clinic Yana,Primary,Clinic,Clinic,Private,Unknown,Functional,Shira,Yana,11.40808,10.01066,05/16/1/1/2/0059,,0,Valid
SN_C40ED53E04,Kara Health Clinic,Primary,Health Post,Health Post,Public,State Government,Unknown,Ganjuwa,Kubi A,10.6576019,10.3327368,,4.956,0,Valid
SN_F7D7A693B2,Gwada Primary Health Centre,Primary,Primary Health Center,PHC,Public,Unknown,Functional,Ningi,Tiffi,11.91906,9.33912,05/15/1/1/1/0067,,1,Valid
SN_F91E2BEE0C,Bagam Health Post,Primary,Health Post,Health Post,Public,Unknown,Functional,Zaki,Lodiyo,12.38574,10.57916,05/20/1/1/1/0004,,1,Valid
SN_22829F6274,Tabla Health Clinic,Primary,Clinic,Clinic,Public,State Government,Unknown,Ningi,Kudu Yamma,10.967405,9.4360583,,8.9,0,Valid
SN_FB758DE823,Gobbiya Model Primary Health Care,Primary,Primary Health Center,PHC,Public,Unknown,Functional,Bogoro,Gobbiya,8.92502,9.33617,05/03/1/1/1/0018,,1,Outside Bauchi
SN_3145B2B14C,Shifa Royal Hospital,Secondary,Hospital,Hospital,Private,For Profit,Functional,Bauchi,Makama B,10.309488,9.833514,,,0,Valid
SN_EF5194704F,Dingis Health Clinic,Primary,Clinic,Clinic,Public,State Government,Unknown,Ningi,Dingis,11.1225311,9.5147472,,9.5,0,Valid
SN_FE66BFADBF,Lekka Primary Health Centre,Primary,Primary Health Center,PHC,Public,Unknown,Functional,Bauchi,Yamrat,10.09938,9.67104,05/02/1/1/1/0061,,2,Valid
SN_3A7435FD8C,Nayinawa Health Post,Primary,Health Post,Health Post,Public,State Government,Unknown,Damban,Dagauda,11.6697268,10.9050952,,2.416,1,Valid
SN_28C65AF164,Jamaare Maternity,Primary,Maternity Home,Maternity,Public,Unknown,Functional,Jama'are,Jamaare D,11.6733398,9.919911363,,,1,Valid
SN_FEE07DC687,Masaje Primary Health Centre,Primary,Health Post,Health Post,Public,State Government,Unknown,Zaki,Bursali,12.43667,10.6662495,,9.0,0,Valid
SN_4B9FA5A93C,Surfe Health Post,Primary,Health Post,Health Post,Public,Local Government,Functional,Itas/Gadau,Kashuri,11.88667,10.42313,,,0,Valid
SN_76FF1F52F4,Ganduha Health Post,Primary,Health Post,Health Post,Public,State Government,Unknown,Giade,Isawa,11.5967567,10.2436317,,7.5,0,Valid
SN_A59A074883,Arawa Health Post,Primary,Health Post,Health Post,Public,State Government,Unknown,Jama'are,Dogon Jeji C,11.7140611,9.9275966,,8.0,0,Valid
SN_422E0B8F89,Yalwa Health Center,Primary,Health Center,PHC,Public,Local Government,Functional,Dass,Bununu South,9.92636,9.54554,,,0,Valid
SN_AA873DA4B9,Balarabe Primary Health Centre,Primary,Primary Health Center,PHC,Public,State Government,Unknown,Toro,Tulai,10.1028204,9.2934002,,7.95,0,Valid
SN_1DC3C8F467,Garin Makau Health Clinic,Primary,Clinic,Clinic,Public,State Government,Unknown,Gamawa,Udubo North East,12.0401277,10.7589792,,1.531,0,Valid
SN_E31A00C536,Dana Health Clinic,Primary,Clinic,Clinic,Public,State Government,Unknown,Ningi,Kurmi,11.0442683,9.0602117,,8.9,0,Valid
SN_E578046363,Balanshi Primary Health Centre,Primary,Clinic,Clinic,Public,State Government,Unknown,Bauchi,Kangere,10.1598167,10.0585333,,5.2,0,Valid
SN_3224224517,Nahutan Sade Primary Health Centre,Primary,Primary Health Center,PHC,Public,State Government,Unknown,Darazo,Sade West,11.3162534,10.5918092,,9.008,0,Valid
SN_C39E31A15A,Dunari Health Clinic,Primary,Clinic,Clinic,Public,State Government,Unknown,Itas/Gadau,Atafowa,11.969515,10.1044295,,1.266,0,Valid
SN_0FD1FF9984,Rimi Katanga Health Post,Primary,Health Post,Health Post,Public,State Government,Unknown,Shira,Shira,11.4888982,10.0137652,,1.003,1,Valid
SN_3B5AF464F7,Gala Primary Health Centre,Primary,Primary Health Center,PHC,Public,State Government,Unknown,Ganjuwa,Miya A,10.980635,9.81141,,9.8,2,Valid
SN_DC6F674CEE,Malatin Health Clinic,Primary,Clinic,Clinic,Public,State Government,Unknown,Damban,Yanda,11.5024791,10.7049991,,9.2,1,Valid
SN_394C9C7FF9,Kujuru Maternity Primary Health Centre,Primary,Primary Health Center,PHC,Public,State Government,Unknown,Katagum,Madangala,11.6688592,10.148122,,9.24,0,Valid
SN_6671DF6733,Dumin Miri Primary Health Centre,Primary,Health Post,Health Post,Public,State Government,Unknown,Bauchi,Kundun Durum,10.4797089,9.7045275,,4.197,0,Valid
SN_41605ED1B2,Tulu Maternal And Child Health,Primary,Primary Health Center,PHC,Public,State Government,Unknown,Toro,Tama,10.5793151,9.0287783,,9.896,0,Valid
SN_65DA71FF39,Saminakan Gwa Primary Health Centre,Primary,Primary Health Center,PHC,Public,State Government,Unknown,Toro,Lame,10.3006621,9.1965747,,9.278,0,Valid
SN_8442B34C4A,Yana Town Maternity Primary Health Centre,Primary,Primary Health Center,PHC,Public,State Government,Unknown,Shira,Shira,11.411955,10.0141917,,4.9,1,Valid
SN_FEDD5E94EF,Jigi Primary Health Centre,Primary,Clinic,Clinic,Public,State Government,Unknown,Tafawa-Balewa,Lere North,9.6097607,9.3265405,,9.767,0,Valid
SN_3E29E8E330,Motto Primary Health Centre,Primary,Primary Health Center,PHC,Public,State Government,Unknown,Toro,Zalau,10.3394879,8.9716555,,7.675,0,Valid
SN_7E996F7DAF,Adamami Primary Health Centre,Primary,Primary Health Center,PHC,Public,State Government,Unknown,Shira,Disina B,11.4307533,9.8937825,,3.554,0,Valid
SN_7BBF0576D5,Kili Health Post,Primary,Health Post,Health Post,Public,State Government,Unknown,Darazo,Gabarin East,11.070585,10.4295517,,9.6,0,Valid
SN_DEDC1850D2,Madufa Primary Health Centre,Primary,Primary Health Center,PHC,Public,State Government,Unknown,Zaki,Murmur North,12.0991417,10.2312499,,8.2,1,Valid
SN_904FCBDC8C,Kujera Maternity Primary Health Centre,Primary,Clinic,Clinic,Public,State Government,Unknown,Ningi,Jangu,10.888872,9.5835982,,9.102,0,Valid
SN_AA5E256255,Garin Jauro Sale Health Post,Primary,Health Post,Health Post,Public,State Government,Unknown,Gamawa,Gololo South,12.2972147,10.7494589,,8.9,0,Valid
SN_7FA41F81A4,Kanya Primary Health Centre,Primary,Primary Health Center,PHC,Public,State Government,Unknown,Darazo,Darazo West,11.068339,10.3546901,,4.64,0,Valid
SN_954461AECB,Wando Health Clinic,Primary,Clinic,Clinic,Public,State Government,Unknown,Warji,Wando,11.1266592,9.6921595,,6.735,0,Valid
SN_8DB1FBA9A9,Lusa Primary Health Centre,Primary,Primary Health Center,PHC,Public,State Government,Unknown,Bogoro,Lusa,9.6168227,9.5918461,,9.5,0,Valid
SN_060ECD5C7A,Zindiri Health Post,Primary,Health Post,Health Post,Public,State Government,Unknown,Giade,Giade B,11.4277335,10.2297892,,1.055,0,Valid
SN_748CA43D2B,Yarayi Health Post,Primary,Health Post,Health Post,Public,State Government,Unknown,Itas/Gadau,Buzawa,11.8327652,9.8433032,,6.424,0,Valid
SN_25D1E000B9,Magama Health Clinic,Primary,Primary Health Center,PHC,Public,State Government,Unknown,Toro,Toro,10.0694449,9.12643,,9.7,0,Valid
SN_D7F7C43BF4,Haradwa Primary Health Centre,Primary,Primary Health Clinic,PHC,Public,State Government,Unknown,Misau,Hardawa,11.4253,10.4699283,,7.9,0,Valid
SN_A0A5AAED89,Yame Primary Health Centre,Primary,Primary Health Center,PHC,Public,State Government,Unknown,Damban,Yame,11.5913444,10.6474366,,4.26,0,Valid
SN_E8B3B2899D,Kutunas Primary Health Centre,Primary,Clinic,Clinic,Public,State Government,Unknown,Gamawa,Kore,12.2090265,10.3290003,,6.6,0,Valid
SN_8EC1A34E95,Baya Health Post,Primary,Health Post,Health Post,Public,State Government,Unknown,Ganjuwa,Ganjuwa A,10.8113207,10.036065,,6.068,0,Valid
SN_1EA35B6AA7,Ibrahim Bako Primary Health Centre,Primary,Primary Health Center,PHC,Public,State Government,Unknown,Bauchi,Tirwun,10.3164252,9.8804531,,4.907,0,Valid
SN_A7D86C1B2A,Birniwa Dispensary,Primary,Health Post,Health Post,Public,Local Government,Functional,Damban,Fagam,11.65612793,10.60211182,,,2,Valid
SN_D1BDF20989,Ung Yakubun Bauchi Health Post,Primary,Health Post,Health Post,Public,State Government,Unknown,Bauchi,Dan Iya,10.2796633,9.8140733,,6.4,0,Valid
SN_E011F016C1,Makara Huta Primary Health Centre,Primary,Primary Health Center,PHC,Public,State Government,Unknown,Katagum,Kafin Kuka,11.689148,10.1919528,,4.0,0,Valid
SN_A61A61393F,Gungu Health Post,Primary,Health Post,Health Post,Public,State Government,Unknown,Bauchi,Zungur,9.98891,9.7194417,,4.5,0,Valid
SN_8AB38B4805,Misau Town Primary Health Centre,Primary,Primary Health Center,PHC,Public,State Government,Unknown,Misau,Kukadi B,11.3162383,10.4723517,,3.9,0,Valid
SN_969D2A16CE,Hakatafi Primary Health Centre,Primary,Clinic,Clinic,Public,State Government,Unknown,Ganjuwa,Kariya A,10.824377,9.588751,,6.7,0,Valid
SN_B8F8B3B731,Alagarno Maternal And Child Health,Primary,Primary Health Center,PHC,Public,State Government,Unknown,Gamawa,Alagarno,12.2221276,10.7329466,,3.9,0,Valid
SN_C786E4F248,Sarma Primary Health Centre,Primary,Primary Health Center,PHC,Public,State Government,Unknown,Misau,Sarma,11.4250117,10.6437836,,3.79,0,Valid
SN_960E8E7D1D,Kusada Health Post,Primary,Health Post,Health Post,Public,State Government,Unknown,Bauchi,Zungur,10.005265,9.709745,,3.8,0,Valid
SN_427953C222,Yuga Primary Health Centre,Primary,Primary Health Center,PHC,Public,State Government,Unknown,Toro,Zaranda,10.5183464,9.4615772,,0.922,0,Valid
SN_EC8C53D2CC,Gokaru Primary Health Centre,Primary,Primary Health Center,PHC,Public,State Government,Unknown,Alkaleri,Gwaram B,10.1794699,10.1838889,,6.3,0,Valid
SN_D9DD3D6A78,Galdimari Primary Health Centre,Primary,Primary Health Center,PHC,Public,State Government,Unknown,Jama'are,Galdimari,11.6573144,10.0335609,,6.35,0,Valid
SN_8BEA9C7130,Bukka Tilai Primary Health Centre,Primary,Primary Health Center,PHC,Public,State Government,Unknown,Toro,Tulai,10.0760202,9.2860474,,9.075,0,Valid
SN_03E76C54A6,Gajiwal Health Post,Primary,Health Post,Health Post,Public,State Government,Unknown,Dass,Bununu South,9.9457768,9.5701998,,7.22,0,Valid
SN_DFC094F531,Kakkaki Health Post,Primary,Health Post,Health Post,Public,State Government,Unknown,Shira,Kilbori B,11.5295233,10.1374067,,5.0,0,Valid
SN_3FB332CACD,Gumai Maternal And Child Health,Primary,Primary Health Center,PHC,Public,State Government,Unknown,Zaki,Gumai,12.0386588,10.3314049,,3.133,0,Valid
SN_0A09941DAB,Kwankiyel Primary Health Centre,Primary,Primary Health Center,PHC,Public,State Government,Unknown,Darazo,Konkiyel,11.1399534,10.4587804,,1.615,0,Valid
SN_DC3FA0165E,Gebji Primary Health Centre,Primary,Clinic,Clinic,Public,State Government,Unknown,Tafawa-Balewa,Lere North,9.6369599,9.377713,,9.739,0,Valid
SN_FDACBF72AE,Unguwar Dabo Health Post,Primary,Health Post,Health Post,Public,State Government,Unknown,Ningi,Kudu Yamma,10.9686388,9.4361585,,9.15,0,Valid
SN_91EBF028DC,Our Lady Of Apostle Clinic,Primary,Clinic,Clinic,Private,Unknown,Functional,Tafawa-Balewa,Wai B,9.76988,9.54724,05/17/1/1/2/0092,,0,Valid
SN_D0179AF31C,Gwallagan Mayaki Health Post,Primary,Health Post,Health Post,Public,State Government,Unknown,Bauchi,Dan Dango,10.2676549,9.8309327,,6.88,0,Valid
SN_46B9E0E8BA,Ningi General Hospital,Secondary,General Hospital,Hospital,Public,State Government,Functional,Ningi,Tiffi,11.06434073,9.56612925,,,0,Valid
SN_45287472F8,Baima Primary Health Centre,Primary,Primary Health Center,PHC,Public,State Government,Unknown,Warji,Baima,11.1253997,9.7815696,,6.814,1,Valid
SN_526B164F91,Yarka Health Post,Primary,Health Post,Health Post,Public,State Government,Unknown,Shira,Shira,11.467235,10.075115,,8.7,0,Valid
SN_BAD5AEABD3,Durwari Health Clinic,Primary,Clinic,Clinic,Public,Local Government,Functional,Damban,Muzuwa,11.70084176,10.77744482,,,0,Valid
SN_509C73DCFD,Wurogeje Primary Health Centre,Primary,Clinic,Clinic,Public,State Government,Unknown,Tafawa-Balewa,Mball,9.7249242,9.8028272,,2.227,0,Valid
SN_8A57823CF0,Bamanu Primary Health Centre,Primary,Clinic,Clinic,Public,State Government,Unknown,Bauchi,Kangere,10.1768708,10.088181,,5.65,0,Valid
SN_31FF65531E,Aiy Under Five Primary Health Centre,Primary,Primary Health Center,PHC,Public,State Government,Unknown,Darazo,Darazo East,10.9930411,10.4110064,,3.9,0,Valid
SN_07FA9D5E77,Gori Primary Health Centre,Primary,Primary Health Center,PHC,Public,State Government,Unknown,Tafawa-Balewa,Wai A,9.8649031,9.4260341,,9.85,0,Valid
SN_2D5A8BBE27,Kilbori Health Post,Primary,Health Post,Health Post,Public,State Government,Unknown,Shira,Kilbori A,11.5707261,10.0648202,,9.94,1,Valid
SN_E7B0DF6665,Sabon Garin Papa Health Clinic,Primary,Clinic,Clinic,Public,State Government,Unknown,Darazo,Papa North,11.2068327,10.8396414,,8.815,0,Valid
SN_B2503605A9,Giade General Hospital,Secondary,General Hospital,Hospital,Public,State Government,Functional,Giade,Giade A,11.38834815,10.21120951,,,0,Valid
SN_C0DF2FE5B5,Ari Primary Health Center,Primary,Primary Health Center,PHC,Public,Local Government,Functional,Ningi,Ari,11.01588783,9.51945465,,,0,Valid
SN_DF4C36C41C,Kirfi General Hospital,Secondary,General Hospital,Hospital,Public,State Government,Functional,Kirfi,Wanka,10.39262466,10.40360212,,,0,Valid
SN_843CE71161,Misau General Hospital,Secondary,General Hospital,Hospital,Public,Unknown,Functional,Misau,Kukadi A,11.31483,10.44857,05/14/1/2/1/0001,,0,Valid
SN_897B2A51D7,Kesa Primary Health Centre,Primary,Clinic,Clinic,Public,State Government,Unknown,Gamawa,Udubo North East,11.9626148,10.6969629,,1.97,0,Valid
SN_F293D73F14,Mun Health Post,Primary,Health Post,Health Post,Public,State Government,Unknown,Bauchi,Mun Munsal,9.963339,9.9246772,,3.55,0,Valid
SN_B1859465FB,Ganji Health Clinic,Primary,Clinic,Clinic,Public,State Government,Unknown,Ningi,Kurmi,11.1602591,9.1533327,,9.15,0,Valid
SN_74FB63451B,Gadau Primary Health Centre,Primary,Primary Health Center,PHC,Public,State Government,Unknown,Itas/Gadau,Gadau,11.8339634,10.1646056,,9.55,0,Valid
SN_C30EE4ABDC,Tarji Primary Health Centre,Primary,Clinic,Clinic,Public,State Government,Unknown,Tafawa-Balewa,Kardam A,9.8497829,9.3060139,,9.456,0,Valid
SN_E7FE619AC4,Futuk Primary Health Centre,Primary,Primary Health Center,PHC,Public,State Government,Unknown,Alkaleri,Futuk East,9.8334098,10.8940374,,9.8,0,Valid
SN_A65414B365,Makera Health Post,Primary,Health Post,Health Post,Public,State Government,Unknown,Toro,Zaranda,10.3747947,9.5230786,,0.89,0,Valid
SN_1F7A55FCF8,Bugun Primary Health Care Centre,Primary,Primary Health Center,PHC,Public,Unknown,Functional,Bogoro,Bugun,6.65629,6.51826,05/03/1/1/1/0009,,1,Outside Bauchi
SN_42B84506F7,Tapshin Model Primary Health Center Primary Health Centre,Primary,Primary Health Center,PHC,Public,State Government,Unknown,Tafawa-Balewa,Tapshin,9.4950383,9.4562767,,6.2,0,Valid
SN_F957F3AB4E,Katanga Health Post,Primary,Health Post,Health Post,Public,State Government,Unknown,Warji,Katanga,11.1727238,9.7534195,,8.626,0,Valid
SN_07E7D716DC,Dogonjeji Primary Health Centre,Primary,Primary Health Center,PHC,Public,State Government,Unknown,Jama'are,Dogon Jeji A,11.7392267,9.9544417,,7.7,0,Valid
SN_A4765FCDE7,Papan Maliki Primary Health Centre,Primary,Primary Health Center,PHC,Public,State Government,Unknown,Kirfi,Bara,10.3688812,10.5971543,,9.94,0,Valid
SN_61A1BDF16D,Zuru Health Post,Primary,Health Post,Health Post,Public,State Government,Unknown,Ganjuwa,Miya C,10.6988892,9.9176905,,8.966,0,Valid
SN_5A87E3D02D,Dabji Health Post,Primary,Health Post,Health Post,Public,State Government,Unknown,Misau,Sirko,11.3564147,10.5206683,,1.24,0,Valid
SN_69FABFF280,Tashena Town Model Primary Health Center Primary Health Centre,Primary,Primary Health Center,PHC,Public,State Government,Unknown,Zaki,Tashena,12.3058617,10.2871433,,8.0,0,Valid
SN_FCE27664C0,Zaranda Primary Health Centre,Primary,Primary Health Center,PHC,Public,State Government,Unknown,Toro,Zaranda,10.2320141,9.5130518,,2.151,0,Valid
SN_D92CBBC672,Yaba Primary Health Centre,Primary,Clinic,Clinic,Public,State Government,Unknown,Gamawa,Udubo North East,11.9362739,10.7432155,,1.405,0,Valid
SN_F85A431A53,Bajama Primary Health Centre,Primary,Primary Health Center,PHC,Public,State Government,Unknown,Alkaleri,Birin Gigyara,9.9570933,10.0683417,,9.3,2,Valid
SN_15B8A5BCB0,Zindiwa Primary Health Centre,Primary,Primary Health Center,PHC,Public,State Government,Unknown,Gamawa,Zindiwa,11.8868307,10.8107115,,3.9,0,Valid
SN_EBA452B0D7,Jama'Are Town Maternity Centre,Primary,Primary Health Center,PHC,Public,State Government,Unknown,Jama'are,Jamaare A,11.6664709,9.9265878,,6.5,0,Valid
SN_EB12B23286,Maraba Gumai Primary Health Centre,Primary,Health Post,Health Post,Public,State Government,Unknown,Zaki,Murmur South,11.9549267,10.2446883,,6.4,0,Valid
SN_EA464DBE4E,Bauchi Specialist Hospital,Tertiary,Specialist Hospital,Hospital,Public,Unknown,Functional,Bauchi,Dan Iya,10.33416,9.84215,05/02/1/3/1/0002,,0,Valid
SN_B05B637B6C,Nasarawa Primary Health Centre,Primary,Primary Health Center,PHC,Public,State Government,Unknown,Ganjuwa,Nassarawa A,10.6133633,9.9207933,,7.1,0,Valid
SN_F4C1DDC764,Taure Health Post,Primary,Health Post,Health Post,Public,State Government,Unknown,Kirfi,Wanka,10.4329983,10.444425,,9.2,0,Valid
SN_729D0C039F,Kardam Maternal And Child Health,Primary,Primary Health Center,PHC,Public,State Government,Unknown,Tafawa-Balewa,Kardam A,9.8332837,9.381991,,9.666,2,Valid
SN_E5A853B4CC,Zadawa Maternal And Child Health,Primary,Primary Health Center,PHC,Public,State Government,Unknown,Misau,Zadawa,11.4458267,10.370565,,3.9,0,Valid
SN_26205EEE40,Marti Primary Health Centre,Primary,Clinic,Clinic,Public,State Government,Unknown,Tafawa-Balewa,Lere South,9.6950501,9.4566692,,9.6,0,Valid
SN_FF655C0C9D,Dashem Yelwa Primary Health Centre,Primary,Clinic,Clinic,Public,State Government,Unknown,Bogoro,Boi,9.5388899,9.5444889,,6.532,0,Valid
SN_E5BC764214,Urban K / Kaji Maternity Centre,Primary,Primary Health Center,PHC,Public,State Government,Unknown,Katagum,Kasuwar Kaji,11.6748754,10.1833942,,9.9,1,Valid
SN_D27F79A391,Bajar Primary Health Centre,Primary,Primary Health Center,PHC,Public,State Government,Unknown,Dass,Bagel,10.0712298,9.5130742,,3.9,0,Valid
SN_FE2C5766C0,Baledde Health Post,Primary,Health Post,Health Post,Public,State Government,Unknown,Alkaleri,Yalo 2,9.7473096,10.8719344,,9.3,1,Valid
SN_AE8746E465,Duhuwa Health Post,Primary,Health Post,Health Post,Public,State Government,Unknown,Itas/Gadau,Bambal,11.734501,9.6924085,,2.489,0,Valid
SN_AE572A51B2,Buskuri Maternal And Child Health,Primary,Primary Health Center,PHC,Public,State Government,Unknown,Katagum,Buskuri,11.64811,10.3246609,,8.698,0,Valid
SN_1FD5ABB8F8,Tsohon Garin Lukshi Health Centre,Primary,Health Center,PHC,Public,Unknown,Functional,Dass,Lukshi,10.03103,9.41088,05/06/1/1/1/0034,,0,Valid
SN_1FEAC3D9AC,Hanafari Model Primary Health Center Primary Health Centre,Primary,Primary Health Center,PHC,Public,State Government,Unknown,Jama'are,Hanafari,11.6008398,9.8875961,,6.85,2,Valid
SN_DEF5888479,Zandam Health Post,Primary,Health Post,Health Post,Public,State Government,Unknown,Darazo,Sade West,11.2951561,10.6016355,,3.79,0,Valid
SN_40CAC05E3A,Samanja Dispensary,Primary,Health Post,Health Post,Public,Unknown,Functional,Toro,Rahama,10.608824,8.808388,,,0,Valid
SN_28C81A3B09,Bagas Health Clinic,Primary,Health Post,Health Post,Public,State Government,Unknown,Dass,Bununu West,9.9748611,9.4841373,,1.609,0,Valid
SN_DE30E7604A,Makawa Town Primary Health Centre,Primary,Primary Health Center,PHC,Public,State Government,Unknown,Zaki,Maikawa,12.2064356,10.1963564,,9.15,0,Valid
SN_C1FD2432C3,Katsinawan Tabla Health Post,Primary,Health Post,Health Post,Public,State Government,Unknown,Ningi,Kudu Yamma,10.9368717,9.4248537,,9.866,2,Valid
SN_C3FB5FD18A,Tsangaya Maternity,Primary,Maternity Home,Maternity,Public,Local Government,Functional,Ningi,Ari,10.95733,9.57249,,,0,Valid
SN_ABBB33CA68,Yahaya Clinic,Primary,Clinic,Clinic,Private,For Profit,Unknown,Jama'are,Jamaare D,11.67556068,9.93108104,,,0,Valid
SN_B96D20427C,Dembori Primary Health Centre,Primary,Clinic,Clinic,Public,State Government,Unknown,Kirfi,Badara,10.2802344,10.3137563,,9.15,0,Valid
SN_D8EB12B1A7,Lwong Primary Health Centre,Primary,Clinic,Clinic,Public,State Government,Unknown,Tafawa-Balewa,Lere South,9.6536691,9.4040975,,9.6,0,Valid
SN_0A463A6711,Jama'A Primary Health Centre,Primary,Primary Health Center,PHC,Public,State Government,Unknown,Shira,Kilbori B,11.4624105,10.1107685,,9.82,0,Valid
SN_A16F8EF32E,Sharfuri Primary Health Clinic,Primary,Primary Health Clinic,PHC,Public,Unknown,Functional,Kirfi,Kwagal,10.26501,10.5693,05/13/1/1/1/0033,,1,Valid
SN_ACD4A958AB,Namu Clinic And Maternity,Secondary,Maternity Home,Maternity,Private,For Profit,Functional,Giade,Giade A,11.38866806,10.20117193,,,0,Valid
SN_56CC717E8F,Duwaru Health Post,Primary,Health Post,Health Post,Public,State Government,Unknown,Gamawa,Udubo North East,12.041859,10.7413803,,3.07,0,Valid
SN_FAF204CEB0,Agwarmaji Health Clinic,Primary,Clinic,Clinic,Public,Unknown,Functional,Ningi,Kafin Lemo,9.88102,11.33021,05/15/1/1/1/0005,,1,Valid
SN_BEB81C0403,Isheni Primary Health Centre,Primary,Primary Health Center,PHC,Public,State Government,Unknown,Misau,Akuyam,11.5027032,10.6171329,,6.956,0,Valid
SN_2167B9B286,Damanguza Health Post,Primary,Health Post,Health Post,Public,State Government,Unknown,Ganjuwa,Kubi A,10.4899077,10.2666806,,2.016,0,Valid
SN_876A5698D1,Nainawa Primary Health Centre,Primary,Clinic,Clinic,Public,State Government,Unknown,Gamawa,Kore,12.221682,10.4115157,,8.779,1,Valid
SN_91255205C1,Bure Primary Health Centre,Primary,Clinic,Clinic,Public,State Government,Unknown,Kirfi,Shongo,10.5243752,10.3266716,,9.125,0,Valid
SN_087076E3DA,Rafin Chiyawa Health Clinic,Primary,Clinic,Clinic,Public,State Government,Unknown,Ningi,Kudu Yamma,10.8730643,9.3291308,,9.95,0,Valid
SN_3784AC2B95,Aliya Health Centre,Primary,Clinic,Clinic,Public,State Government,Unknown,Darazo,Papa South,11.1536569,10.860946,,7.699,0,Valid
SN_C7793034AA,Mai Alewa Health Post,Primary,Health Post,Health Post,Public,State Government,Unknown,Ganjuwa,Kariya A,10.92156,9.7360617,,7.7,0,Valid
SN_740DF2EE13,Gakkulan Audi Primary Health Centre,Primary,Primary Health Center,PHC,Public,State Government,Unknown,Darazo,Konkiyel,11.127724,10.5118752,,9.8,0,Valid
SN_DC71DB0F44,Gyara Health Clinic,Primary,Clinic,Clinic,Public,Local Government,Functional,Bogoro,Gyara,9.608241399,9.509395118,,,0,Valid
SN_225D5F3EBA,Gongo Health Centre,Primary,Primary Health Center,PHC,Public,State Government,Unknown,Jama'are,Dogon Jeji C,11.705715,9.9544318,,6.3,0,Valid
SN_F370AAE5B6,Isore Primary Health Centre,Primary,Clinic,Clinic,Public,State Government,Unknown,Shira,Andubun,11.4979714,9.8041168,,1.292,0,Valid
SN_5DCC12AA57,Andubun Primary Health Centre,Primary,Primary Health Center,PHC,Public,State Government,Unknown,Shira,Andubun,11.5132716,9.8218225,,9.96,0,Valid
SN_F7DB9E66C4,Kwangi Health Clinic,Primary,Clinic,Clinic,Public,State Government,Unknown,Ningi,Sama,10.7560306,9.1457657,,9.94,0,Valid
SN_3615F09F81,Ganjuwa Primary Health Centre,Primary,Primary Health Center,PHC,Public,State Government,Unknown,Ganjuwa,Ganjuwa A,10.8554278,10.1711582,,5.903,0,Valid
SN_D551BB27EA,Kunkar Health Post,Primary,Health Post,Health Post,Public,State Government,Unknown,Alkaleri,Dan,9.9236527,10.1015724,,9.862,0,Valid
SN_FBF532CD15,Yautare Primary Health Centre,Primary,Primary Health Center,PHC,Public,State Government,Unknown,Darazo,Yautare,10.842858,10.5810557,,1.379,0,Valid
SN_162C52812C,Bangim Primary Health Centre,Primary,Primary Health Center,PHC,Public,State Government,Unknown,Dass,Bununu South,9.8936517,9.6123333,,7.6,0,Valid
SN_216680F020,Under Five Clinic,Primary,Primary Health Center,PHC,Public,State Government,Unknown,Jama'are,Jamaare A,11.6649245,9.9333901,,7.45,0,Valid
SN_DD98896D12,Ungwar Gajuwa Primary Health Centre,Primary,Primary Health Center,PHC,Public,State Government,Unknown,Bauchi,Makama A,10.3059049,9.8440477,,6.15,0,Valid
SN_E729F73101,Kafin-Maigari Primary Health Centre,Primary,Clinic,Clinic,Public,State Government,Unknown,Kirfi,Badara,10.3232067,10.3406383,,9.5,0,Valid
SN_29058B7FE5,Mara Health Post,Primary,Health Post,Health Post,Public,State Government,Unknown,Toro,Mara,10.3042071,9.2836971,,9.839,0,Valid
SN_82F206A7E9,Rinjin Mukur Health Post,Primary,Health Post,Health Post,Public,State Government,Unknown,Toro,Tulai,10.1309477,9.2738635,,6.322,0,Valid
SN_BA996A0DA0,Gololo Primary Health Centre,Primary,Primary Health Center,PHC,Public,State Government,Unknown,Gamawa,Gololo North,12.3142308,10.6905049,,3.9,0,Valid
SN_51211980D9,Dass Town Health Clinic,Primary,Health Post,Health Post,Public,State Government,Unknown,Dass,Bununu Central,9.9987242,9.5163466,,6.58,0,Valid
SN_3154E438C4,Melendige Primary Health Centre,Primary,Primary Health Center,PHC,Public,State Government,Unknown,Itas/Gadau,Melendige,11.9562782,10.2129542,,9.94,0,Valid
SN_5571941E4D,Soro Area Health Office,Primary,Health Post,Health Post,Public,State Government,Unknown,Ganjuwa,Ganjuwa B,10.7749319,10.2963968,,4.363,0,Valid
SN_7FF3A84A16,Kofar Dumi Primary Health Centre,Primary,Primary Health Center,PHC,Public,State Government,Unknown,Bauchi,Dan Amar B,10.3016165,9.8530601,,9.72,0,Valid
SN_CA0840AB89,Maikore Health Post,Primary,Health Post,Health Post,Public,State Government,Unknown,Zaki,Tashena,12.248235,10.2410767,,7.2,1,Valid
SN_09555963BD,Sauki Clinic,Secondary,Clinic,Clinic,Private,Unknown,Functional,Giade,Giade A,11.38834,10.19498,05/09/1/1/2/0002,,0,Valid
SN_6ACC0E9B81,Yayu Primary Health Centre,Primary,Primary Health Center,PHC,Public,State Government,Unknown,Katagum,Yayu,11.5426423,10.556217,,6.365,0,Valid
SN_71D67A6BE7,Dawaki And Maternity Clinic,Primary,Primary Health Center,PHC,Public,State Government,Unknown,Bauchi,Dawaki,10.3208741,9.8507414,,9.575,0,Valid
SN_FFFBCC2AFE,Kadolli Dispensary,Primary,Health Post,Health Post,Public,Unknown,Functional,Kirfi,Lariski,10.30716,10.73345,,,1,Valid
SN_8173018655,Sambawal Primary Health Centre,Primary,Clinic,Clinic,Public,State Government,Unknown,Shira,Sambowal,11.5061779,9.9030138,,2.286,0,Valid
SN_FB30D27B3A,Gulbum Health Post,Primary,Clinic,Clinic,Public,State Government,Unknown,Giade,Doguwa,11.3871131,10.1855488,,8.525,2,Valid
SN_15312A2F47,Zindi Health Post,Primary,Health Post,Health Post,Public,State Government,Unknown,Katagum,Gangai,11.5680322,10.4898984,,9.0,2,Valid
SN_D1A46546F9,Kubdiya Primary Health Centre,Primary,Primary Health Center,PHC,Public,State Government,Unknown,Gamawa,Kubdiya,12.2813033,10.3842883,,8.6,0,Valid
SN_3D71FCC69D,Gudum Primary Health Centre,Primary,Primary Health Center,PHC,Public,State Government,Unknown,Bauchi,Dan Dango,10.270415,9.8540633,,5.95,0,Valid
SN_55A7F99E6F,Yankari Primary Health Centre,Primary,Primary Health Center,PHC,Public,Unknown,Functional,Alkaleri,Birin Gigyara,9.90521,10.35995,05/01/1/1/1/0059,,1,Valid
SN_ED34525188,Wurno Primary Health Centre,Primary,Clinic,Clinic,Public,State Government,Unknown,Tafawa-Balewa,Dull B,9.7984437,9.892317,,9.497,0,Valid
SN_9F22D251B6,Koftara Primary Health Centre,Primary,Clinic,Clinic,Public,State Government,Unknown,Misau,Beti,11.2831322,10.3234527,,3.105,0,Valid
SN_83A46C5CB5,Gurbana Primary Health Centre,Primary,Primary Health Center,PHC,Public,State Government,Unknown,Damban,Guribana,11.7326547,10.7290624,,9.7,0,Valid
SN_B6801D38C3,Dorogo Health Clinic,Primary,Clinic,Clinic,Private,Unknown,Functional,Ningi,Ningi East,11.53411,9.35123,05/15/1/1/2/0075,,1,Valid
SN_EDB7C631ED,Garin Abare Health Centre,Primary,Clinic,Clinic,Public,State Government,Unknown,Darazo,Papa North,11.2492927,10.8960474,,8.74,0,Valid
SN_FA8CF180F4,Kusi Primary Health Centre,Primary,Primary Health Center,PHC,Public,State Government,Unknown,Bauchi,Kundun Durum,10.4723355,9.690166,,5.979,0,Valid
SN_7771769B12,Zalanga Primary Health Centre,Primary,Primary Health Center,PHC,Public,State Government,Unknown,Ganjuwa,Kubi B,10.6210486,10.1789846,,9.95,0,Valid
SN_774B8E1C3E,Ecwa Health Clinic,Primary,Clinic,Clinic,Private,Unknown,Functional,Dass,Bundot,10.00552,9.52566,05/06/1/1/2/0001,,1,Valid
SN_518600906A,Rehu Primary Health Centre,Primary,Primary Health Center,PHC,Public,State Government,Unknown,Bauchi,Birshi,10.3604749,9.7759089,,4.8,1,Valid
SN_523C55B947,Gainan Hausa Primary Health Centre,Primary,Clinic,Clinic,Public,State Government,Unknown,Misau,Gugulin,11.3949471,10.5892088,,5.219,0,Valid
SN_F3BAC38F5C,Danina Primary Health Centre,Primary,Primary Health Center,PHC,Public,State Government,Unknown,Warji,Katanga,11.1731611,9.7524932,,9.403,0,Valid
SN_4AE41A4379,Miya Primary Health Centre,Primary,Primary Health Center,PHC,Public,State Government,Unknown,Ganjuwa,Miya A,10.8872319,9.8263828,,8.6,2,Valid
SN_9F78B2DB9E,Murno Health Clinic,Primary,Clinic,Clinic,Public,State Government,Unknown,Tafawa-Balewa,Kardam A,9.7242072,9.2761834,,9.6,1,Valid
SN_3A163B468E,Bogoro General Hospital,Secondary,General Hospital,Hospital,Public,State Government,Functional,Bogoro,Bogoro,9.6849616,9.60112707,,,0,Valid
SN_4BCA658438,Runtu Health Post,Primary,Health Post,Health Post,Public,State Government,Unknown,Toro,Rauta/Geji,10.4265145,9.5441268,,8.961,0,Valid
SN_C99B1E1B35,Marasuwa Health Post,Primary,Clinic,Clinic,Public,State Government,Unknown,Warji,Dallaji,11.2054237,9.7154798,,6.211,0,Valid
SN_DE65E61270,Udubo Primary Health Centre,Primary,Primary Health Center,PHC,Public,State Government,Unknown,Gamawa,Udubo Central,11.9427033,10.630205,,9.0,0,Valid
SN_F473F10708,Tashan Mai Turare Health Post,Primary,Health Post,Health Post,Public,State Government,Unknown,Toro,Tulai,10.1879428,9.3314943,,9.3,0,Valid
SN_C5A4F28D06,Al Ameen Hospital Bauchi Miri,Primary,Hospital,Hospital,Private,Unknown,Functional,Bauchi,Makama B,10.30575,9.83213,,,0,Valid
SN_30BBEF26E0,Kundum Primary Health Centre,Primary,Clinic,Clinic,Public,State Government,Unknown,Tafawa-Balewa,Kardam A,9.8687257,9.3320249,,9.05,0,Valid
SN_6E5DF7B85B,Yelwa Cocin Clinic,Primary,Clinic,Clinic,Private,Unknown,Unknown,Bauchi,Birshi,10.27158,9.79205,,,0,Valid
SN_63C6108E1B,Gital Primary Health Centre,Primary,Primary Health Center,PHC,Public,State Government,Unknown,Tafawa-Balewa,Bula A,9.7887183,9.6013417,,10.0,1,Valid
SN_000FEBAE8B,Gaza Health Post,Primary,Health Post,Health Post,Public,State Government,Unknown,Shira,Tumfafi,11.427075,10.1059483,,8.7,2,Valid
SN_00284E48E5,Dindima Health Post,Primary,Health Post,Health Post,Public,State Government,Unknown,Bauchi,Galambi,10.2383231,10.1465929,,5.5,0,Valid
SN_0168913AB0,Tayyu Maina Health Post,Primary,Clinic,Clinic,Public,State Government,Unknown,Damban,Zaura,11.7959242,10.8704625,,2.389,0,Valid
SN_01F56E621B,Palla Health Post,Primary,Health Post,Health Post,Public,State Government,Unknown,Bauchi,Dan Dango,10.08167,9.8189133,,9.7,1,Valid
SN_021732E473,Garin Dole Health Post,Primary,Clinic,Clinic,Public,State Government,Unknown,Itas/Gadau,Bambal,11.7593733,9.6618023,,2.517,0,Valid
SN_02852AA376,Soro Aishatu Bala Muhammed Paediatric Hospital,Primary,Primary Health Center,PHC,Public,State Government,Unknown,Ganjuwa,Ganjuwa A,10.7683584,10.287985,,8.391,1,Valid
SN_03F91523FF,Bukul Primary Health Centre,Primary,Primary Health Center,PHC,Public,State Government,Unknown,Shira,Bukul,11.3495733,9.9408017,,5.3,0,Valid
SN_04B916377D,Badakoshi Health Clinic,Primary,Clinic,Clinic,Public,State Government,Unknown,Alkaleri,Gar,10.1211941,10.172276,,8.966,0,Valid
SN_0545EDCDEB,Federal Low Cost Primary Health Centre,Primary,Primary Health Center,PHC,Public,State Government,Unknown,Bauchi,Dan Iya,10.2870117,9.8283567,,4.3,0,Valid
SN_059B27C1D8,Sakwa Primary Health Centre,Primary,Primary Health Center,PHC,Public,State Government,Unknown,Zaki,Sakwa,12.118205,10.2869383,,8.4,0,Valid
SN_06DE925F84,Gilliri Primary Health Centre,Primary,Primary Health Center,PHC,Public,State Government,Unknown,Ganjuwa,Nassarawa B,10.5650683,10.08855,,9.7,0,Valid
SN_0704E9B156,Balijam Health Post,Primary,Health Post,Health Post,Public,State Government,Unknown,Shira,Bukul,11.3220783,9.9568017,,9.9,0,Valid
SN_08ECA48C96,Felun Abba Primary Health Centre,Primary,Primary Health Center,PHC,Public,State Government,Unknown,Toro,Rauta/Geji,10.3380249,9.6311076,,4.333,0,Valid
SN_0958D0CEC1,Ningo Primary Health Centre,Primary,Primary Health Center,PHC,Public,State Government,Unknown,Damban,Garuza,11.6379763,10.6673032,,7.65,0,Valid
SN_0B11077E4A,Yuli Health Post,Primary,Health Post,Health Post,Public,State Government,Unknown,Ganjuwa,Yali,10.3794992,9.9352478,,8.65,0,Valid
SN_0D6918FE95,Zaindi Primary Health Centre,Primary,Clinic,Clinic,Public,State Government,Unknown,Misau,Ajili,11.2703525,10.5399363,,7.327,0,Valid
SN_0F1974A956,Birniwa Primary Primary Health Centre,Primary,Clinic,Clinic,Public,State Government,Unknown,Damban,Yame,11.65607,10.601745,,5.2,3,Valid
SN_1141FC4E73,Kurmi Maternal And Child Health,Primary,Primary Health Center,PHC,Public,State Government,Unknown,Ningi,Kurmi,11.0832397,8.9918723,,4.65,0,Valid
SN_1159F0700F,Lere Primary Health Centre,Primary,Primary Health Center,PHC,Public,State Government,Unknown,Tafawa-Balewa,Lere North,9.7128183,9.3431017,,9.5,0,Valid
SN_11CA0F94FE,Zurgwai Primary Health Centre,Primary,Primary Health Center,PHC,Public,State Government,Unknown,Warji,Baima,11.0838157,9.7225067,,7.873,1,Valid
SN_125591A1B3,Yayari Dagauda P Health Centre,Primary,Primary Health Center,PHC,Public,State Government,Unknown,Damban,Dagauda,11.6598475,10.903174,,3.231,1,Valid
SN_137768E8BA,Bangarati Primary Health Centre,Primary,Primary Health Center,PHC,Public,State Government,Unknown,Misau,Kukadi B,11.2720168,10.4474676,,2.119,0,Valid
SN_13BAFEAA3E,Ngaima Health Clinic,Primary,Clinic,Clinic,Public,State Government,Unknown,Damban,Zaura,11.775086,10.8926195,,3.902,0,Valid
SN_13CED55159,Kufai Primary Health Centre,Primary,Primary Health Center,PHC,Public,State Government,Unknown,Toro,Mara,10.008701,9.2619044,,8.787,1,Valid
SN_14197EAA51,Ariri Primary Health Centre,Primary,Primary Health Center,PHC,Public,State Government,Unknown,Zaki,Mainako North,12.4173095,10.4108559,,9.5,0,Valid
SN_1485DAD61B,Kagadama Health Post,Primary,Health Post,Health Post,Public,State Government,Unknown,Warji,Dagu,11.1120868,9.7361003,,7.314,0,Valid
SN_1685930125,Shall Health Clinic,Primary,Clinic,Clinic,Public,State Government,Unknown,Tafawa-Balewa,Bula A,9.8812708,9.5404854,,9.9,1,Valid
SN_16C0A2C381,Tudun Wodan Ribina Health Post,Primary,Health Post,Health Post,Public,State Government,Unknown,Toro,Ribina West,10.1138186,9.0136561,,0.956,0,Valid
SN_17BB4D18CB,Dutsen Saki Primary Health Centre,Primary,Primary Health Center,PHC,Public,State Government,Unknown,Bogoro,Bogoro,9.7359571,9.4391562,,8.661,1,Valid
SN_184E12214C,Chadi Health Clinic,Primary,Clinic,Clinic,Public,State Government,Unknown,Damban,Garuza,11.6164747,10.6752361,,9.533,0,Valid
SN_18587C9CED,Lemari Health Clinic,Primary,Clinic,Clinic,Public,State Government,Unknown,Katagum,Yayu,11.60502,10.5790854,,10.0,0,Valid
SN_18EA92C1CB,Dallari Primary Health Centre,Primary,Clinic,Clinic,Public,State Government,Unknown,Misau,Tofu,11.4036386,10.4487008,,9.9,0,Valid
SN_18F84384EC,Bujiyel Health Post,Primary,Health Post,Health Post,Public,State Government,Unknown,Toro,Tilde,10.0133147,8.9993925,,9.2,0,Valid
SN_197F1B9B0E,Gara Health Post,Primary,Health Post,Health Post,Public,State Government,Unknown,Zaki,Maikawa,12.1801346,10.3015569,,3.6,0,Valid
SN_1A3CFCB1D9,Dambar Primary Health Centre,Primary,Clinic,Clinic,Public,State Government,Unknown,Bogoro,Boi,9.6253945,9.4579062,,7.162,1,Valid
SN_1B5ED89FB5,Gandi Primary Health Centre,Primary,Primary Health Center,PHC,Public,State Government,Unknown,Toro,Mara,9.9410525,9.3265815,,9.157,1,Valid
SN_1C23FB2A6F,Darajiya Health Post,Primary,Health Post,Health Post,Public,State Government,Unknown,Shira,Zubo,11.6336401,10.0095292,,1.482,0,Valid
SN_1C53AEEC1E,Tsohon Garin Lukshi Health Centre,Primary,Clinic,Clinic,Public,State Government,Unknown,Dass,Zumbul,10.0310526,9.419969,,9.205,0,Valid
SN_1C5D48B68A,Ragami Primary Health Centre,Primary,Clinic,Clinic,Public,State Government,Unknown,Tafawa-Balewa,Lere North,9.6598769,9.3473273,,6.065,0,Valid
SN_1C98E08130,Lumbu Health Clinic,Primary,Clinic,Clinic,Public,State Government,Unknown,Ningi,Kudu Yamma,11.1083933,9.3276503,,9.6,0,Valid
SN_1CD568727E,Gwaskwaram Primary Health Centre,Primary,Primary Health Center,PHC,Public,State Government,Unknown,Bauchi,Gwaskwaram,10.0823817,9.957075,,5.2,0,Valid
SN_1D82640249,Jarkasa Primary Health Centre,Primary,Primary Health Center,PHC,Public,State Government,Unknown,Misau,Jarkasa,11.4394967,10.48602,,3.9,0,Valid
SN_1FF25965CB,Ringim Health Post,Primary,Health Post,Health Post,Public,State Government,Unknown,Ganjuwa,Kafin Madaki A,10.6864002,9.683944,,9.8,1,Valid
SN_1FF5C2E69C,Nasarawo Primary Health Centre,Primary,Primary Health Center,PHC,Public,State Government,Unknown,Itas/Gadau,Atafowa,11.8574077,9.9658941,,1700.0,1,Valid
SN_21DF4DD60A,Yabra Primary Health Centre,Primary,Primary Health Center,PHC,Public,State Government,Unknown,Bogoro,Bogoro,9.6887102,9.4979379,,9.933,1,Valid
SN_2219F09FF8,Tsohuwar Kariya Primary Health Centre,Primary,Clinic,Clinic,Public,State Government,Unknown,Ganjuwa,Kariya A,10.9084083,9.7737583,,8.4,0,Valid
SN_239B8D900C,S / Garin Yautare Primary Health Centre,Primary,Primary Health Center,PHC,Public,State Government,Unknown,Darazo,Yautare,10.9239619,10.6629745,,9.321,0,Valid
SN_BF8C8731FF,Bashi Health Clinic,Primary,Clinic,Clinic,Public,Local Government,Functional,Dass,Bununu South,9.93009151,9.53417802,,,0,Valid
SN_24281E060A,Yada Gungume Primary Health Centre,Primary,Primary Health Center,PHC,Public,State Government,Unknown,Ningi,Sama,10.8655068,9.0577319,,5.0,0,Valid
SN_26049BDEC0,Kwantamari Primary Health Centre,Primary,Primary Health Center,PHC,Public,State Government,Unknown,Jama'are,Hanafari,11.5836501,9.8446225,,9.6,0,Valid
SN_2635F20861,Yali Maternal And Child Health,Primary,Primary Health Center,PHC,Public,State Government,Unknown,Ganjuwa,Yali,10.5309781,9.8545848,,9.883,0,Valid
SN_26F703C3A3,Atafowa Maternal And Child Health,Primary,Primary Health Center,PHC,Public,State Government,Unknown,Itas/Gadau,Zubiki,11.9643783,10.0632367,,8.8,1,Valid
SN_27784D37DD,Barumbu Health Clinic,Primary,Clinic,Clinic,Public,State Government,Unknown,Alkaleri,Pali West,10.1154943,10.7220801,,9.86,1,Valid
SN_2782505591,Majabun Primary Health Centre,Primary,Clinic,Clinic,Public,State Government,Unknown,Jama'are,Galdimari,11.6920828,10.0086053,,9.8,0,Valid
SN_2B60F6B93D,Zukku Health Post,Primary,Health Post,Health Post,Public,State Government,Unknown,Toro,Rishi,10.5205198,8.8903561,,9.35,0,Valid
SN_2C757B1A92,Kanawa Health Post,Primary,Health Post,Health Post,Public,State Government,Unknown,Ningi,Kurmi,11.2127883,9.227033,,9.25,0,Valid
SN_2D280B9FCF,Kaigamari Health Post,Primary,Health Post,Health Post,Public,State Government,Unknown,Darazo,Gabchiyari,11.0518617,10.64611,,5.5,0,Valid
SN_2E810A86F7,Janda Health Post,Primary,Health Post,Health Post,Public,State Government,Unknown,Damban,Jalam,11.5236413,10.8751797,,9.297,1,Valid
SN_2FA4AC01C5,Rarum Primary Health Centre,Primary,Clinic,Clinic,Public,State Government,Unknown,Jama'are,Jurara,11.6108417,9.8458,,2.95,0,Valid
SN_301952F725,Gainan Fulani Primary Health Centre,Primary,Primary Health Center,PHC,Public,State Government,Unknown,Misau,Gugulin,11.4091021,10.5941238,,5.128,0,Valid
SN_30547A3789,Dashem Primary Health Centre,Primary,Clinic,Clinic,Public,State Government,Unknown,Tafawa-Balewa,Tapshin,9.4943602,9.5448332,,10.0,0,Valid
SN_30C528DCE8,Kadage Health Post,Primary,Health Post,Health Post,Public,State Government,Unknown,Toro,Wonu South,10.2139335,9.0455086,,8.899,2,Valid
SN_30DA289B35,Gamawa Primary Health Centre,Primary,Primary Health Center,PHC,Public,State Government,Unknown,Gamawa,Gamawa North,12.135345,10.5369452,,7.5,0,Valid
SN_3100BD8864,Kujjin Health Post,Primary,Clinic,Clinic,Public,State Government,Unknown,Zaki,Katagum,12.3094632,10.4685167,,7.0,1,Valid
SN_3129C33E7D,Tadire Hausa Primary Health Centre,Primary,Health Post,Health Post,Public,State Government,Unknown,Zaki,Tashena,12.3295679,10.1994471,,9.906,2,Valid
SN_3292287356,Jama'A Primary Health Centre,Primary,Primary Health Center,PHC,Public,State Government,Unknown,Toro,Jama A,10.1514958,9.4330195,,2.122,0,Valid
SN_32A5B8FE8B,Wuro Dole Health Post,Primary,Health Post,Health Post,Public,State Government,Unknown,Darazo,Papa North,11.3114417,10.92861,,5.0,0,Valid
SN_34146474EE,Jawo Health Centre,Primary,Primary Health Center,PHC,Public,State Government,Unknown,Giade,Isawa,11.5554683,10.2540417,,9.933,0,Valid
SN_347515BDA3,Yelwan Bashi Primary Health Centre,Primary,Primary Health Center,PHC,Public,State Government,Unknown,Dass,Bununu South,9.9252833,9.5450017,,3.9,0,Valid
SN_3512A6AB0A,Ka'El Primary Health Centre,Primary,Clinic,Clinic,Public,State Government,Unknown,Shira,Andubun,11.5673133,9.8262694,,1.541,0,Valid
SN_36E88C2A6E,Kyabi Health Clinic,Primary,Clinic,Clinic,Public,State Government,Unknown,Alkaleri,Gar,10.0847737,10.2173499,,9.5,0,Valid
SN_388AAD19C5,Kafata Primary Health Centre,Primary,Primary Health Center,PHC,Public,State Government,Unknown,Itas/Gadau,Itas,11.8262722,9.9974365,,2.637,1,Valid
SN_38BA651265,Kadi Kadi Health Post,Primary,Health Post,Health Post,Public,State Government,Unknown,Gamawa,Tumbi,12.2833045,10.5537442,,2.916,0,Valid
SN_3A0303D8F0,Nadabo Primary Health Centre,Primary,Health Post,Health Post,Public,State Government,Unknown,Tafawa-Balewa,Dajin,10.0783233,9.6363333,,7.0,0,Valid
SN_3A48E52633,Madara Model Primary Health Center Primary Health Centre,Primary,Primary Health Center,PHC,Public,State Government,Unknown,Katagum,Madara,11.7759166,10.450575,,7.8,0,Valid
SN_3B703DC469,Ganjiwa Primary Health Centre,Primary,Primary Health Center,PHC,Public,State Government,Unknown,Damban,Guribana,11.7401304,10.6912469,,3.66,0,Valid
SN_3B85AB7078,Kauran Bauchi Health Clinic,Primary,Clinic,Clinic,Public,State Government,Unknown,Alkaleri,Alkaleri East,10.2708067,10.3310317,,9.3,0,Valid
SN_3BB7EE7594,T / Balewa Maternal And Child Health,Primary,Primary Health Center,PHC,Public,State Government,Unknown,Tafawa-Balewa,Wai A,9.7552216,9.5530958,,5.36,1,Valid
SN_3C7445868C,Shelon Primary Health Centre,Primary,Primary Health Center,PHC,Public,State Government,Unknown,Misau,Beti,11.2167336,10.3672054,,2.867,0,Valid
SN_3C85A1B8A6,Chinkani Primary Health Centre,Primary,Primary Health Center,PHC,Public,State Government,Unknown,Giade,Chinkani,11.3555383,10.27407,,9.7,0,Valid
SN_3E654BA7AE,Tungri Primary Health Centre,Primary,Clinic,Clinic,Public,State Government,Unknown,Tafawa-Balewa,Lere North,9.6595488,9.3299576,,5.031,0,Valid
SN_413FAFCC48,Farin Ruwa Health Post,Primary,Health Post,Health Post,Public,State Government,Unknown,Misau,Gwaram,11.4881746,10.5525781,,6.467,0,Valid
SN_4229645E37,Yakanaji Health Post,Primary,Health Post,Health Post,Public,State Government,Unknown,Toro,Tulai,10.1053965,9.3486479,,8.0,0,Valid
SN_42DE362451,Sharfuri Primary Health Centre,Primary,Primary Health Center,PHC,Public,State Government,Unknown,Kirfi,Kirfi,10.3162138,10.5692886,,9.7,1,Valid
SN_4322B51782,Garam Primary Health Centre,Primary,Clinic,Clinic,Public,State Government,Unknown,Tafawa-Balewa,Bununu A,9.8420563,9.6377102,,1.858,0,Valid
SN_4410B15D63,Bassi Primary Health Centre,Primary,Health Post,Health Post,Public,State Government,Unknown,Bauchi,Dan Dango,10.104865,9.875045,,9.5,1,Valid
SN_456874D2C2,Jigawan Kuran Health Post,Primary,Health Post,Health Post,Public,State Government,Unknown,Ningi,Balma,11.132995,9.4165783,,8.7,0,Valid
SN_4727BD8184,Sabon Gari Health Clinic,Primary,Clinic,Clinic,Public,State Government,Unknown,Alkaleri,Pali West,10.1350679,10.4682599,,8.875,1,Valid
SN_486E03CF1B,Chediya Health Post,Primary,Health Post,Health Post,Public,State Government,Unknown,Toro,Zalau,10.3351613,9.0123709,,5.051,0,Valid
SN_493DD5BAC8,Murai Health Post,Primary,Health Post,Health Post,Public,State Government,Unknown,Bogoro,Boi,9.6386638,9.4751516,,7.632,1,Valid
SN_4C70D54BE3,Kundum Primary Health Centre,Primary,Primary Health Center,PHC,Public,State Government,Unknown,Bauchi,Kundun Durum,10.4187927,9.7257804,,4.054,0,Valid
SN_4CE007BD89,Sawi Primary Health Centre,Primary,Primary Health Center,PHC,Public,State Government,Unknown,Shira,Disina,11.393268,9.8978399,,1.154,0,Valid
SN_4CE21718CE,Dauduwo Primary Health Centre,Primary,Primary Health Clinic,PHC,Public,State Government,Unknown,Ganjuwa,Gungura B,10.8757368,10.3884504,,2.537,0,Valid
SN_4DA451DCFA,Gana Health Post,Primary,Health Post,Health Post,Public,State Government,Unknown,Toro,Rahama,10.4387642,8.8816133,,5.256,0,Valid
SN_4F07627866,Gacci Health Post,Primary,Health Post,Health Post,Public,State Government,Unknown,Alkaleri,Birin Gigyara,9.9234528,9.8684798,,9.112,0,Valid
SN_51B1234BC5,Kofar Fada Primary Health Centre,Primary,Primary Health Center,PHC,Public,State Government,Unknown,Katagum,Tsakuwa,11.6776996,10.193697,,8.666,0,Valid
SN_52115F4CD4,Ligada Health Centre,Primary,Clinic,Clinic,Public,State Government,Unknown,Giade,Chinkani,11.2519802,10.1461343,,1.433,1,Valid
SN_529AB8C126,Patira Health Post,Primary,Health Post,Health Post,Public,State Government,Unknown,Toro,Lame,10.5434256,9.1322641,,4.361,2,Valid
SN_5335559902,Sabon Garin Narabi Health Clinic,Primary,Clinic,Clinic,Public,State Government,Unknown,Toro,Tilde,10.0259765,8.9534858,,9.4,0,Valid
SN_53CAA06ED3,Bugun Primary Health Centre,Primary,Primary Health Center,PHC,Public,State Government,Unknown,Bogoro,Bogoro,9.6359788,9.6922767,,9.301,1,Valid
SN_53DC0C435F,Sabon Garin Nabordo Health Post,Primary,Health Post,Health Post,Public,State Government,Unknown,Toro,Zaranda,10.2078773,9.3589203,,7.362,0,Valid
SN_548B3DEF8A,Mingil Health Post,Primary,Health Post,Health Post,Public,State Government,Unknown,Tafawa-Balewa,Wai B,9.7834933,9.48546,,8.3,0,Valid
SN_54FB272BAF,Miya Maryam Uwest Paediatric Hospital,Primary,Primary Health Center,PHC,Public,State Government,Unknown,Ganjuwa,Miya A,10.9006983,9.8258267,,8.0,0,Valid
SN_552E93852B,Barkeji Health Post,Primary,Health Post,Health Post,Public,State Government,Unknown,Katagum,Buskuri,11.7478551,10.2900127,,9.8,0,Valid
SN_55AC5C5D2E,Kwanjin Health Post,Primary,Health Post,Health Post,Public,State Government,Unknown,Shira,Zubo,11.659315,10.09473,,2.235,0,Valid
SN_56018F7B2F,Gayar Health Post,Primary,Health Post,Health Post,Public,State Government,Unknown,Alkaleri,Birin Gigyara,9.9648888,10.1374567,,9.862,0,Valid
SN_57AA4D5B2B,Yola Primary Health Centre,Primary,Clinic,Clinic,Public,State Government,Unknown,Jama'are,Yola,11.6831992,9.9622733,,9.525,0,Valid
SN_5835BF2AF2,Zahi Health Clinic,Primary,Clinic,Clinic,Public,State Government,Unknown,Ningi,Burra,10.9592189,8.9238979,,9.65,1,Valid
SN_58840109C9,Burgel Gabas Health Clinic,Primary,Clinic,Clinic,Public,State Government,Unknown,Tafawa-Balewa,Wai A,9.8888317,9.49891,,9.8,0,Valid
SN_593C1540BE,Sabon Garin Zumbul Health Clinic,Primary,Clinic,Clinic,Public,State Government,Unknown,Toro,Mara,10.0596929,9.3589699,,9.631,1,Valid
SN_5A31894571,Udubo Health Post,Primary,Health Post,Health Post,Public,State Government,Unknown,Gamawa,Udubo Central,11.9358054,10.6389647,,3.744,0,Valid
SN_5BBE352E81,Y / Darazo Health Clinic,Primary,Primary Health Center,PHC,Public,State Government,Unknown,Alkaleri,Gar,10.0881998,10.1422877,,8.96,0,Valid
SN_5CC78052A7,Sabayo Maternity Clinic,Primary,Primary Health Center,PHC,Public,State Government,Unknown,Gamawa,Gamawa North,12.1609604,10.4651913,,9.828,0,Valid
SN_5D1554B75F,Bodinga Primary Health Centre,Primary,Clinic,Clinic,Public,State Government,Unknown,Jama'are,Hanafari,11.6127503,9.9195728,,8.95,0,Valid
SN_5D3E4FB083,Dunkkwi Kasuwa Primary Health Centre,Primary,Primary Health Center,PHC,Public,State Government,Unknown,Misau,Ajili,11.3361714,10.5369433,,9.216,0,Valid
SN_5E235D9872,Pandum Health Centre,Primary,Clinic,Clinic,Public,State Government,Unknown,Darazo,Gabarin East,11.085365,10.4180433,,8.4,0,Valid
SN_5ED6087B5F,Rimin Jahum Health Post,Primary,Health Post,Health Post,Public,State Government,Unknown,Bauchi,Makama B,10.3022183,9.8363717,,4.0,0,Valid
SN_5EE34BD67F,Goljaredi Mat Health Clinic,Primary,Primary Health Center,PHC,Public,State Government,Unknown,Toro,Ribina West,10.1235102,9.0429628,,3.603,2,Valid
SN_5F34E5441B,Diggeri Health Post,Primary,Health Post,Health Post,Public,State Government,Unknown,Misau,Gugulin,11.4023587,10.522716,,5.596,0,Valid
SN_5FCC978FF9,Supa Primary Health Centre,Primary,Clinic,Clinic,Public,State Government,Unknown,Gamawa,Kofan Romi,12.1205868,10.4545213,,1.813,0,Valid
SN_60E8566F87,Bom Primary Health Centre,Primary,Primary Health Center,PHC,Public,State Government,Unknown,Bogoro,Bogoro,9.6934274,9.6137024,,6.751,0,Valid
SN_62CE8AB4E6,Jajeri Primary Health Centre,Primary,Primary Health Center,PHC,Public,State Government,Unknown,Zaki,Sakwa,12.0642568,10.3943132,,7.2,1,Valid
SN_63B56F137E,Chinade Primary Health Centre,Primary,Primary Health Center,PHC,Public,State Government,Unknown,Katagum,Chinade,11.5190939,10.426401,,7.25,2,Valid
SN_64A2BFEF8F,Muda Lallan Primary Health Centre,Primary,Primary Health Center,PHC,Public,State Government,Unknown,Warji,Baima,11.0936213,9.7855097,,6.488,0,Valid
SN_6500A76CED,Rumba Model Primary Health Center Primary Health Centre,Primary,Primary Health Center,PHC,Public,State Government,Unknown,Warji,Tiyin A,11.1313338,9.8427788,,8.453,3,Valid
SN_650693B5E6,Alkaleri Town Health Post,Primary,Health Post,Health Post,Public,State Government,Unknown,Alkaleri,Alkaleri West,10.2679081,10.3305163,,9.28,2,Valid
SN_6602D0B692,Kaskindin Health Post,Primary,Health Post,Health Post,Public,State Government,Unknown,Zaki,Maiwa,12.3633189,10.3169445,,9.0,0,Valid
SN_66C70F31CC,Sarauniya Health Clinic,Primary,Primary Health Center,PHC,Public,State Government,Unknown,Alkaleri,Alkaleri West,10.261305,10.3319239,,9.76,0,Valid
SN_6783F69E60,Rimin / Zayam Maternal And Child Health,Primary,Primary Health Center,PHC,Public,State Government,Unknown,Toro,Mara,10.1404302,9.2907843,,9.635,0,Valid
SN_67C607A7ED,Ajangara Primary Health Centre,Primary,Clinic,Clinic,Public,State Government,Unknown,Shira,Faggo B,11.4571498,9.9656423,,9.5,0,Valid
SN_67F69594F4,Hammadada Health Post,Primary,Clinic,Clinic,Public,State Government,Unknown,Bauchi,Dan Dango,10.0167283,9.8255567,,6.3,1,Valid
SN_6809035FD2,Unguwar Jaji Health Post,Primary,Health Post,Health Post,Public,State Government,Unknown,Warji,Zurgwai,11.0629853,9.6960129,,6.209,2,Valid
SN_6AC032B7D9,Sigdin Shehu Primary Health Centre,Primary,Clinic,Clinic,Public,State Government,Unknown,Tafawa-Balewa,Lere North,9.6800479,9.2991163,,9.6,0,Valid
SN_6B5A9B0209,Unguwar Kanawa Health Post,Primary,Health Post,Health Post,Public,State Government,Unknown,Ningi,Burra,11.018261,8.8909277,,8.4,0,Valid
SN_6BB1AA8C6F,Katsinawa Health Post,Primary,Clinic,Clinic,Public,State Government,Unknown,Itas/Gadau,Kashuri,11.8005583,10.1684583,,6.9,0,Valid
SN_6BBB1A72D1,Baburti Health Post,Primary,Health Post,Health Post,Public,State Government,Unknown,Jama'are,Galdimari,11.7001006,10.0417699,,9.5,0,Valid
SN_6CBF2FCD35,Girmala Primary Health Centre,Primary,Health Post,Health Post,Public,State Government,Unknown,Bogoro,Bogoro,9.6176245,9.6328414,,4.944,0,Valid
SN_6D490130AC,Sabon Gari Health Post,Primary,Health Post,Health Post,Public,State Government,Unknown,Gamawa,Alagarno,12.19411,10.7738483,,1.9,0,Valid
SN_6D8512A25D,Mada Health Post,Primary,Health Post,Health Post,Public,State Government,Unknown,Ganjuwa,Yali,10.4120627,9.93731,,9.866,0,Valid
SN_6E76BC2A12,Jarmari Health Post,Primary,Health Post,Health Post,Public,State Government,Unknown,Misau,Beti,11.3065128,10.3839435,,0.683,0,Valid
SN_6EDC78931D,Gwam Health Clinic,Primary,Clinic,Clinic,Public,State Government,Unknown,Ningi,Dingis,11.215549,9.5432231,,9.05,0,Valid
SN_6F34823A7D,Gayawa Health Post,Primary,Health Post,Health Post,Public,State Government,Unknown,Gamawa,Raga,11.8593493,10.5308952,,1.985,0,Valid
SN_6FE772D0D0,Busuri Health Clinic,Primary,Clinic,Clinic,Public,State Government,Unknown,Katagum,Bulkachuwa,11.641424,10.5609064,,8.6,0,Valid
SN_7088F95018,Kwara Primary Health Centre,Primary,Primary Health Center,PHC,Public,State Government,Unknown,Bogoro,Bogoro,9.6937318,9.5419932,,8.448,1,Valid
SN_7110B0581F,Ganuwa Health Post,Primary,Health Post,Health Post,Public,State Government,Unknown,Shira,Gagidiba,11.6259721,9.9568316,,2.194,0,Valid
SN_7236A55373,State Low Cost Primary Health Centre,Primary,Primary Health Center,PHC,Public,State Government,Unknown,Bauchi,Dan Iya,10.3157155,9.8285676,,8.651,0,Valid
SN_729084B24F,Madobi Primary Health Centre,Primary,Clinic,Clinic,Public,State Government,Unknown,Shira,Zubo,11.6402902,10.0423986,,3.458,0,Valid
SN_732578EEDB,Dandango Primary Health Centre,Primary,Primary Health Center,PHC,Public,State Government,Unknown,Bauchi,Dan Dango,10.2273316,9.8235617,,6.466,0,Valid
SN_7429F51F0F,Tashar Maje Primary Health Centre,Primary,Primary Health Center,PHC,Public,State Government,Unknown,Ningi,Guda,10.997774,9.5688847,,9.6,0,Valid
SN_747A4280AC,Dull Primary Health Centre,Primary,Clinic,Clinic,Public,State Government,Unknown,Tafawa-Balewa,Dull B,9.635238,9.9405448,,4.829,1,Valid
SN_75867F7CFF,Yolawo Maternity Primary Health Centre,Primary,Clinic,Clinic,Public,State Government,Unknown,Darazo,Lago,11.1718556,10.4950477,,7.058,0,Valid
SN_76A3869E28,Riga Primary Health Centre,Primary,Clinic,Clinic,Public,State Government,Unknown,Toro,Zalau,10.4366398,9.0237738,,6.409,0,Valid
SN_77310AFDCB,Darazo Primary Health Centre,Primary,Primary Health Center,PHC,Public,State Government,Unknown,Darazo,Darazo East,10.9985489,10.4157973,,9.925,0,Valid
SN_77C10BDE82,Tipchi Primary Health Centre,Primary,Primary Health Center,PHC,Public,State Government,Unknown,Ningi,Burra,10.8614406,8.9846151,,9.75,1,Valid
SN_796CF9CB04,Zirya Health Post,Primary,Clinic,Clinic,Public,State Government,Unknown,Toro,Rahama,10.3770396,8.8346742,,9.379,0,Valid
SN_79F384007B,Rimi Primary Health Centre,Primary,Primary Health Center,PHC,Public,State Government,Unknown,Shira,Shira,11.4822757,10.021566,,0.795,1,Valid
SN_7EA12A0FDF,Zida Health Post,Primary,Health Post,Health Post,Public,State Government,Unknown,Ganjuwa,Kariya A,10.8101738,9.6073015,,8.466,0,Valid
SN_7F236D2D76,Makarahuta Primary Health Centre,Primary,Primary Health Center,PHC,Public,State Government,Unknown,Misau,Kukadi B,11.3066493,10.4730768,,1.046,0,Valid
SN_7F51CF6DA2,Nasarawan Tsafi Health Post,Primary,Health Post,Health Post,Public,State Government,Unknown,Shira,Tsafi,11.39266,10.0951417,,6.7,0,Valid
SN_7F600A8B1B,Burwat Primary Health Centre,Primary,Clinic,Clinic,Public,State Government,Unknown,Tafawa-Balewa,Mball,9.8185624,9.8305437,,1.596,0,Valid
SN_7FC5037CDC,Dole Primary Health Centre,Primary,Primary Health Center,PHC,Public,State Government,Unknown,Darazo,Papa South,11.1845994,10.9728312,,10.0,2,Valid
SN_80BAC65450,Nomari Health Clinic,Primary,Clinic,Clinic,Public,State Government,Unknown,Itas/Gadau,Melendige,11.8982083,10.2469184,,8.2,0,Valid
SN_824723DB48,Tsangaya Model Primary Health Centre,Primary,Primary Health Center,PHC,Public,State Government,Unknown,Ningi,Jangu,10.9834908,9.5703034,,4099.999,1,Valid
SN_82AC8CA7D7,Jahin Health Post,Primary,Health Post,Health Post,Public,State Government,Unknown,Shira,Bangire,11.3092918,9.9874567,,9.3,0,Valid
SN_877E382565,Ahmed Wabi Primary Health Centre,Primary,Primary Health Center,PHC,Public,State Government,Unknown,Jama'are,Dogon Jeji C,11.7115002,9.9412922,,9.15,0,Valid
SN_88F06E0B78,Gasuwo Primary Health Centre,Primary,Primary Health Center,PHC,Public,State Government,Unknown,Toro,Rauta/Geji,10.2425631,9.6231018,,7.458,0,Valid
SN_89396F0889,Wuro Jiban Primary Health Centre,Primary,Clinic,Clinic,Public,State Government,Unknown,Tafawa-Balewa,Bula A,10.0049633,9.6510567,,9.8,0,Valid
SN_89B1489071,Wahu Primary Health Centre,Primary,Primary Health Center,PHC,Public,State Government,Unknown,Darazo,Wahu,11.3861574,10.6554723,,5.106,0,Valid
SN_89B42AC00F,Zaure Health Post,Primary,Health Post,Health Post,Public,State Government,Unknown,Damban,Gargawa,11.723995,10.7842383,,7.8,0,Valid
SN_8C2B074D88,Giade Primary Health Centre,Primary,Primary Health Center,PHC,Public,State Government,Unknown,Giade,Giade A,11.3941617,10.195735,,8.3,0,Valid
SN_8C563B50D6,Zainabari Primary Health Centre,Primary,Clinic,Clinic,Public,State Government,Unknown,Shira,Tsafi,11.396133,10.0706212,,9.15,0,Valid
SN_8C95BE4036,Laila Health Post,Primary,Health Post,Health Post,Public,State Government,Unknown,Giade,Zirami,11.5796932,10.3224883,,8.083,0,Valid
SN_8CBC98ACE8,Summu Primary Health Centre,Primary,Primary Health Center,PHC,Public,State Government,Unknown,Bauchi,Kundun Durum,10.5951808,9.7095746,,3.875,0,Valid
SN_8D3212FFC3,Mwari Maternal And Child Health,Primary,Primary Health Center,PHC,Public,State Government,Unknown,Bogoro,Bogoro,9.6703272,9.5742531,,9.4,1,Valid
SN_8DB7D079FE,Chabai Health Post,Primary,Health Post,Health Post,Public,State Government,Unknown,Misau,Kukadi B,11.2833516,10.5126184,,9.9,0,Valid
SN_8FC96C870B,Gida Dubu Primary Health Centre,Primary,Primary Health Center,PHC,Public,State Government,Unknown,Bauchi,Tirwun,10.3604876,9.867146,,3.79,0,Valid
SN_90433EBAA0,Beni Health Clinic,Primary,Primary Health Center,PHC,Public,State Government,Unknown,Kirfi,Beni,10.4622683,10.3972632,,4.716,0,Valid
SN_91957125A8,Gambar Lere Primary Health Centre,Primary,Health Post,Health Post,Public,State Government,Unknown,Bogoro,Boi,9.5527769,9.4567649,,8.605,1,Valid
SN_926BD5AC86,Fadan Ribina Health Clinic,Primary,Clinic,Clinic,Public,State Government,Unknown,Toro,Ribina East,10.0856584,9.0751695,,9.607,0,Valid
SN_9333E50AE0,Kekeno Primary Health Centre,Primary,Clinic,Clinic,Public,State Government,Unknown,Gamawa,Alagarno,12.1743184,10.6516303,,9.333,0,Valid
SN_93935B31E5,Tsafi Maternal And Child Health,Primary,Primary Health Center,PHC,Public,State Government,Unknown,Shira,Tsafi,11.3642666,10.1003167,,9.55,0,Valid
SN_94A5B55001,Kari Primary Health Centre,Primary,Primary Health Center,PHC,Public,State Government,Unknown,Darazo,Lago,11.224234,10.5330643,,9.166,0,Valid
SN_954DEAD02B,Yalwan Kundum Primary Health Centre,Primary,Primary Health Center,PHC,Public,State Government,Unknown,Bauchi,Kundun Durum,10.4049137,9.7342336,,5.228,0,Valid
SN_95BA0D12DD,Wurno Health Post,Primary,Health Post,Health Post,Public,State Government,Unknown,Toro,Rahama,10.4042981,8.8279733,,7.0,0,Valid
SN_95DB29F21A,Ari Primary Health Centre,Primary,Primary Health Center,PHC,Public,State Government,Unknown,Ningi,Jangu,10.8744254,9.75236,,3099.999,1,Valid
SN_96253F35C2,Gosun Health Post,Primary,Health Post,Health Post,Public,State Government,Unknown,Bauchi,Mun Munsal,9.9869734,9.9340052,,8.602,0,Valid
SN_963BBAAB57,Kandahar Primary Health Centre,Primary,Primary Health Center,PHC,Public,State Government,Unknown,Bauchi,Dan Amar B,10.3086585,9.8570578,,7.5,0,Valid
SN_965BC933A7,Gyara Primary Health Centre,Primary,Primary Health Center,PHC,Public,State Government,Unknown,Bogoro,Boi,9.6111852,9.514549,,7.162,1,Valid
SN_976E079719,Deru Health Post,Primary,Health Post,Health Post,Public,State Government,Unknown,Ningi,Burra,10.961612,9.001991,,9.066,1,Valid
SN_97DE15F6A3,Garuza Primary Health Centre,Primary,Primary Health Center,PHC,Public,State Government,Unknown,Damban,Garuza,11.6271527,10.7184189,,7.967,2,Valid
SN_97DE769959,Guruntun Health Post,Primary,Health Post,Health Post,Public,State Government,Unknown,Alkaleri,Gar,10.0102945,10.1608501,,9.826,2,Valid
SN_97F7350F89,Malaji Primary Health Centre,Primary,Clinic,Clinic,Public,State Government,Unknown,Shira,Bukul,11.3039999,9.95096,,9.3,0,Valid
SN_981A4AA329,Y / Duguri Model Primary Health Center Primary Health Centre,Primary,Primary Health Center,PHC,Public,State Government,Unknown,Alkaleri,Dan,9.95705,10.0683967,,7.5,2,Valid
SN_9AF1143018,Siyi Health Post,Primary,Health Post,Health Post,Public,State Government,Unknown,Ganjuwa,Nassarawa A,10.5617223,9.9149817,,9.9,0,Valid
SN_9AFC11E559,Wahu Health PoSt Primary Health Centre,Primary,Health Post,Health Post,Public,State Government,Unknown,Damban,Garuza,11.6065075,10.6856092,,8.6,0,Valid
SN_9BD4855057,Gwambe Health Post,Primary,Health Post,Health Post,Public,State Government,Unknown,Bauchi,Mun Munsal,9.9380707,9.8980791,,3.794,0,Valid
SN_9CBD2BA083,Digawa Maigari Health Post,Primary,Health Post,Health Post,Public,State Government,Unknown,Ganjuwa,Kariya A,10.8311467,9.6604333,,5.1,0,Valid
SN_9CE9722B10,Ningi East Primary Health Centre,Primary,Primary Health Center,PHC,Public,State Government,Unknown,Ningi,Ningi East,11.0711428,9.5803711,,9.102,0,Valid
SN_9D9939EFB7,Yamgan Health Clinic,Primary,Clinic,Clinic,Public,State Government,Unknown,Tafawa-Balewa,Bula A,9.8140222,9.5430823,,5.141,1,Valid
SN_9EBE2D750A,Atafowa Primary Health Centre,Primary,Primary Health Center,PHC,Public,State Government,Unknown,Itas/Gadau,Atafowa,11.8345749,10.0468118,,9.7,3,Valid
SN_9EEC7B7796,Kaya Kaya Health Centre,Primary,Clinic,Clinic,Public,State Government,Unknown,Giade,Chinkani,11.2571746,10.3123978,,1.366,1,Valid
SN_9EFC035451,Rishi Primary Health Centre,Primary,Primary Health Center,PHC,Public,State Government,Unknown,Toro,Rishi,10.484273,8.939205,,8.54,0,Valid
SN_9EFE439D4A,Zango Primary Health Centre,Primary,Primary Health Center,PHC,Public,State Government,Unknown,Tafawa-Balewa,Wai A,9.7559417,9.3637867,,8.3,2,Valid
SN_9F09BF0798,Bokkoti Health Post,Primary,Health Post,Health Post,Public,State Government,Unknown,Darazo,Lago,11.1376204,10.5532468,,9.8,0,Valid
SN_9F1D95726C,Tarmasuwa Primary Health Centre,Primary,Primary Health Center,PHC,Public,State Government,Unknown,Gamawa,Tarmasuwa,11.8261393,10.7919035,,3.9,0,Valid
SN_9F9B78C507,Bundilin Kasa Health Centre,Primary,Clinic,Clinic,Public,State Government,Unknown,Dass,Bununu South,9.9716267,9.6045317,,9.3,0,Valid
SN_9FCE1EB6ED,Hadiza M A Paediatric Health Centre,Primary,Clinic,Clinic,Public,State Government,Unknown,Darazo,Gabarin East,11.1174526,10.4405475,,5.005,0,Valid
SN_9FDA8D09B0,Jamda Health Post,Primary,Health Post,Health Post,Public,State Government,Unknown,Bauchi,Zungur,10.0663783,9.6981017,,7.3,0,Valid
SN_A03D10E735,Waliya Health Post,Primary,Health Post,Health Post,Public,State Government,Unknown,Misau,Sirko,11.3771701,10.4339302,,7.4,0,Valid
SN_A2DBE945F0,Tudun Gambo Primary Health Centre,Primary,Primary Health Center,PHC,Public,State Government,Unknown,Bauchi,Galambi,10.1752244,10.1711366,,9.875,0,Valid
SN_A3474BA9AE,Fadaman Mada Primary Health Centre,Primary,Primary Health Center,PHC,Public,State Government,Unknown,Bauchi,Dawaki,10.3444037,9.8552921,,4.993,0,Valid
SN_A39A87885F,Juwara Primary Health Centre,Primary,Primary Health Center,PHC,Public,State Government,Unknown,Bauchi,Mun Munsal,9.9618759,9.941912,,3.78,0,Valid
SN_A49421BFA2,Lafiyari Health Post,Primary,Health Post,Health Post,Public,State Government,Unknown,Ganjuwa,Nassarawa A,10.5356033,9.9270517,,5.1,0,Valid
SN_A4AFFC6C03,Garin Bara Primary Health Centre,Primary,Clinic,Clinic,Public,State Government,Unknown,Gamawa,Udubo North East,12.0416475,10.7525894,,1.526,0,Valid
SN_A4EB93BA27,Garin Malam Health Post,Primary,Clinic,Clinic,Public,State Government,Unknown,Gamawa,Marana,12.0556031,10.7979486,,5.008,0,Valid
SN_A557595A22,Nasarawa A Primary Health Centre,Primary,Primary Health Center,PHC,Public,State Government,Unknown,Katagum,Nasarawa A,11.6681922,10.2005651,,5.0,0,Valid
SN_A5CDDF8D8E,Gaina Dispensary,Primary,Health Post,Health Post,Public,State Government,Unknown,Damban,Gargawa,11.6781617,10.8234433,,8.0,0,Valid
SN_A62E08E1F3,Doguwa Primary Health Centre,Primary,Primary Health Clinic,PHC,Public,State Government,Unknown,Giade,Doguwa,11.385291,10.1658587,,8.8,0,Valid
SN_A6CD62CD43,Kafi Romi Maternal And Child Health,Primary,Primary Health Center,PHC,Public,State Government,Unknown,Gamawa,Kofan Romi,12.0539686,10.5068895,,3.9,0,Valid
SN_A7AAEDA820,Gaza Primary Health Centre,Primary,Primary Health Center,PHC,Public,State Government,Unknown,Shira,Bangire,11.321207,10.001417,,9.975,0,Valid
SN_A8D732D00B,Sansan Health Post,Primary,Health Post,Health Post,Public,State Government,Unknown,Zaki,Tashena,12.3346709,10.3516831,,9.828,0,Valid
SN_A90F3B4BB5,Bambiyo Health Post,Primary,Clinic,Clinic,Public,State Government,Unknown,Giade,Sabon Sara A,11.3832509,10.246036,,1.223,0,Valid
SN_A92EB9963B,Zari Primary Health Clinic,Primary,Clinic,Clinic,Public,State Government,Unknown,Tafawa-Balewa,Kardam A,9.7980335,9.3085558,,8.367,1,Valid
SN_A964D406B7,Takadilbu Health Post,Primary,Clinic,Clinic,Public,State Government,Unknown,Toro,Zaranda,10.3746009,9.4898721,,1.193,0,Valid
SN_AA2692AC14,Rumba Health Post,Primary,Primary Health Center,PHC,Public,State Government,Unknown,Bauchi,Zungur,10.153585,9.7991733,,8.0,1,Valid
SN_AB0E94D033,Dutsen Kura Health Clinic,Primary,Health Post,Health Post,Public,State Government,Unknown,Dass,Polchi,10.1219722,9.4049928,,1.461,0,Valid
SN_AB825827F1,Bakin Kogi Primary Health Centre,Primary,Primary Health Center,PHC,Public,State Government,Unknown,Alkaleri,Pali West,10.0742195,10.3510804,,9.133,0,Valid
SN_ABA0DB68F4,Kamaku Health Post,Primary,Health Post,Health Post,Public,State Government,Unknown,Shira,Sambowal,11.5367942,9.9002236,,1.828,0,Valid
SN_AF2ABDE6FC,Malori Health Clinic,Primary,Clinic,Clinic,Public,State Government,Unknown,Katagum,Buskuri,11.6465721,10.3086599,,10.0,0,Valid
SN_AFE001FD4C,Urban Kofar Ran Maternity Centre,Primary,Primary Health Center,PHC,Public,State Government,Unknown,Bauchi,Dawaki,10.3274467,9.84723,,9.2,0,Valid
SN_AFEEC0DA90,Walai Health Post,Primary,Health Post,Health Post,Public,State Government,Unknown,Itas/Gadau,Gadau,11.8719467,10.1721283,,8.7,0,Valid
SN_B06D47C789,Abuja Health Clinic,Primary,Primary Health Center,PHC,Public,State Government,Unknown,Jama'are,Jamaare D,11.6732229,9.9193947,,7.45,1,Valid
SN_B2F0D59DD7,Sharaba Health Post,Primary,Health Post,Health Post,Public,State Government,Unknown,Jama'are,Galdimari,11.6739169,10.0367281,,9.0,0,Valid
SN_B3C34AE063,Haya Health Post,Primary,Health Post,Health Post,Public,State Government,Unknown,Warji,Wando,11.1453126,9.7022007,,6.414,0,Valid
SN_B43AE0199B,Ningi Town Maternity Centre,Primary,Primary Health Center,PHC,Public,State Government,Unknown,Ningi,Ningi West,11.0795783,9.5691452,,3.8,0,Valid
SN_B4435D1466,Bagel Health Post,Primary,Health Post,Health Post,Public,State Government,Unknown,Dass,Bagel,10.0462448,9.595725,,9.401,0,Valid
SN_B4F5A15A0C,Wuha Health Post,Primary,Health Post,Health Post,Public,State Government,Unknown,Warji,Dallaji,11.1861188,9.7089533,,5.746,0,Valid
SN_B57F2B0946,Badaran Lungu Health Post,Primary,Health Post,Health Post,Public,State Government,Unknown,Alkaleri,Dan,10.0607684,10.30526,,8.6,1,Valid
SN_B67F0761AA,Bununu Primary Health Centre,Primary,Clinic,Clinic,Public,State Government,Unknown,Tafawa-Balewa,Bununu A,9.8703936,9.6604703,,9.639,2,Valid
SN_B6B12073B2,Sandigalau Primary Health Centre,Primary,Primary Health Center,PHC,Public,State Government,Unknown,Zaki,Murmur South,12.0470651,10.252881,,9.7,0,Valid
SN_B6FAF2C199,Badiyeso Primary Health Centre,Primary,Primary Health Center,PHC,Public,State Government,Unknown,Warji,Dagu,11.1068853,9.6849771,,5.532,0,Valid
SN_B729A43E66,Nahuce Primary Health Centre,Primary,Primary Health Center,PHC,Public,State Government,Unknown,Shira,Faggo A,11.3303799,9.9981466,,8.4,0,Valid
SN_B79215CCE4,Dagudi Health Clinic,Primary,Clinic,Clinic,Public,State Government,Unknown,Alkaleri,Dan,9.8223107,10.1722127,,7.146,0,Valid
SN_B814CE373A,Buzawa Primary Health Centre,Primary,Primary Health Center,PHC,Public,State Government,Unknown,Itas/Gadau,Buzawa,11.7685025,9.7037967,,9.625,0,Valid
SN_B8CB47496E,Nasarawa B Primary Health Centre,Primary,Primary Health Center,PHC,Public,State Government,Unknown,Katagum,Nasarawa B,11.6587111,10.1789127,,9.375,0,Valid
SN_98C4EB24C5,Tando Health Post,Primary,Health Post,Health Post,Public,Unknown,Functional,Ganjuwa,Miya C,10.76347,9.38495,05/08/1/1/1/0066,,1,Valid
SN_BA494405B0,Lemari Primary Health Centre,Primary,Primary Health Center,PHC,Public,State Government,Unknown,Darazo,Sade East,11.3751239,10.7194059,,7.79,0,Valid
SN_BB3BACF910,Gotal Primary Health Centre,Primary,Clinic,Clinic,Public,State Government,Unknown,Shira,Bukul,11.3187333,9.9828233,,2.4,0,Valid
SN_BD10E651A2,Jundu Health Post,Primary,Health Post,Health Post,Public,State Government,Unknown,Zaki,Bursali,12.4015678,10.7513449,,9.166,0,Valid
SN_BD13EBD759,Kwaptin Rimi Primary Health Centre,Primary,Clinic,Clinic,Public,State Government,Unknown,Tafawa-Balewa,Kardam A,9.787987,9.2983998,,9.6,3,Valid
SN_BE8BFBC59B,Taka Bundu Health Post,Primary,Health Post,Health Post,Public,State Government,Unknown,Toro,Mara,10.2113322,9.3104658,,9.24,0,Valid
SN_C01FAB6D1E,Tafazuwa Health Post,Primary,Health Post,Health Post,Public,State Government,Unknown,Ganjuwa,Kafin Madaki B,10.6250574,9.7245937,,9.15,0,Valid
SN_C05989CA14,Jange Primary Health Centre,Primary,Primary Health Center,PHC,Public,State Government,Unknown,Toro,Lame,10.4376763,9.2749052,,8.995,0,Valid
SN_C13E266161,Tashar Maje Primary Health Centre,Primary,Primary Health Center,PHC,Public,State Government,Unknown,Ningi,Jangu,10.9368419,9.5991694,,2200.0,0,Valid
SN_C2DE5F95F5,Mainako Primary Health Centre,Primary,Primary Health Center,PHC,Public,State Government,Unknown,Zaki,Mainako North,12.3892337,10.3868278,,4.865,1,Valid
SN_C45773EE7D,Marbini Health Post,Primary,Health Post,Health Post,Public,State Government,Unknown,Ganjuwa,Ganjuwa A,10.9154401,10.1699021,,2.359,0,Valid
SN_C5883310F2,Jawa / Lasau Primary Health Centre,Primary,Primary Health Center,PHC,Public,State Government,Unknown,Warji,Ranga B,11.1704854,9.7400662,,5.789,0,Valid
SN_C64159CAA2,Wom Health Post,Primary,Health Post,Health Post,Public,State Government,Unknown,Toro,Jama A,10.2199449,9.5448769,,1.365,0,Valid
SN_C651CECFED,Duwo Health Centre,Primary,Clinic,Clinic,Public,State Government,Unknown,Darazo,Tauya East,10.8443067,10.4276388,,6.3,0,Valid
SN_C6AF4E648A,Yolanora Primary Health Centre,Primary,Clinic,Clinic,Public,State Government,Unknown,Tafawa-Balewa,Mball,9.7355513,9.7413387,,4.337,0,Valid
SN_C831F62F96,Ligada Health Post,Primary,Health Post,Health Post,Public,State Government,Unknown,Shira,Tsafi,11.2844517,10.1357183,,3.0,0,Valid
SN_C83FD59E1C,Jumbin Primary Health Centre,Primary,Primary Health Center,PHC,Public,State Government,Unknown,Ganjuwa,Miya B,10.8616185,9.9813584,,9.333,0,Valid
SN_C950E36782,Ningi Cht Health Clinic,Primary,Clinic,Clinic,Public,State Government,Unknown,Ningi,Ningi West,11.1278062,9.5821982,,8.6,1,Valid
SN_C9A83B4694,Sagere Health Clinic,Primary,Primary Health Center,PHC,Public,State Government,Unknown,Toro,Lame,10.3609786,9.1449889,,7.906,0,Valid
SN_C9C88FE369,Kafin Zaki Health Post,Primary,Health Post,Health Post,Public,State Government,Unknown,Ningi,Jangu,10.86506,9.5843628,,9.708,0,Valid
SN_CAA21EDDE2,Jimi Health Post,Primary,Health Post,Health Post,Public,State Government,Unknown,Ganjuwa,Nassarawa A,10.6183961,9.9947395,,3.25,0,Valid
SN_CAE9FF52A0,Rumbu Health Post,Primary,Health Post,Health Post,Public,State Government,Unknown,Ningi,Dingis,11.155257,9.5526371,,9.133,2,Valid
SN_CBFCB9D25C,Bar Primary Health Centre,Primary,Clinic,Clinic,Public,State Government,Unknown,Tafawa-Balewa,Bununu A,9.9047256,9.6944285,,9.376,0,Valid
SN_CCEA73FEAB,Gambar Health Clinic,Primary,Primary Health Center,PHC,Public,State Government,Unknown,Bogoro,Boi,9.579506,9.4648607,,6.159,1,Valid
SN_CD54FD297D,Mbal Primary Health Centre,Primary,Clinic,Clinic,Public,State Government,Unknown,Bogoro,Lusa,9.5958835,9.6171276,,9.612,0,Valid
SN_CDD0809104,Zabir Primary Health Centre,Primary,Clinic,Clinic,Public,State Government,Unknown,Tafawa-Balewa,Kardam B,9.7448347,9.1847351,,9.6,0,Valid
SN_CF77A05524,Rugan Janari Primary Health Centre,Primary,Clinic,Clinic,Public,State Government,Unknown,Tafawa-Balewa,Mball,9.8079095,9.7717416,,3.531,0,Valid
SN_CF7B63913E,Garin Malam Yau Health Clinic,Primary,Clinic,Clinic,Public,State Government,Unknown,Itas/Gadau,Bilkicheri,11.9218802,9.9533869,,2.309,2,Valid
SN_CFDCB8935B,Duklin Bauchi Primary Health Centre,Primary,Clinic,Clinic,Public,State Government,Unknown,Tafawa-Balewa,Tapshin,9.5844512,9.3190726,,10.0,0,Valid
SN_D1229637C7,Miri Primary Health Centre,Primary,Primary Health Center,PHC,Public,State Government,Unknown,Bauchi,Birshi,10.3091487,9.7439903,,9.184,1,Valid
SN_D299B1AE02,Luggere Primary Health Centre,Primary,Clinic,Clinic,Public,State Government,Unknown,Tafawa-Balewa,Tapshin,9.5098345,9.4314798,,9.6,0,Valid
SN_D332AD9959,Yalwa Health Post,Primary,Health Post,Health Post,Public,State Government,Unknown,Darazo,Lanzai West,11.38298,10.8515583,,6.4,0,Valid
SN_D58EB9A305,Bula Health Post,Primary,Health Post,Health Post,Public,State Government,Unknown,Darazo,Gabarin West,11.1391259,10.4308678,,8.033,0,Valid
SN_D5D275ECA2,Bundu Jaru Primary Health Centre,Primary,Primary Health Center,PHC,Public,State Government,Unknown,Gamawa,Alagarno,12.2317728,10.5289311,,1.873,1,Valid
SN_D816055633,Gabchiyari Primary Health Centre,Primary,Primary Health Center,PHC,Public,State Government,Unknown,Darazo,Gabchiyari,11.0549335,10.5998686,,3.9,0,Valid
SN_D8D6A6B668,Lailai Dispensary,Primary,Clinic,Clinic,Public,State Government,Unknown,Damban,Dagauda,11.7138451,10.9125498,,5.622,1,Valid
SN_D9635992B3,Sabuwar Kariya Primary Health Centre,Primary,Primary Health Center,PHC,Public,State Government,Unknown,Ganjuwa,Kariya A,10.8753842,9.7520714,,9.65,0,Valid
SN_DA4EDF663D,Alangawari Primary Health Centre,Primary,Primary Health Center,PHC,Public,State Government,Unknown,Misau,Kukadi B,11.3149702,10.4776312,,1.643,1,Valid
SN_DAB447708F,Kunjeri Health Post,Primary,Health Post,Health Post,Public,State Government,Unknown,Jama'are,Hanafari,11.5910094,9.8348279,,8.966,0,Valid
SN_DAE695A5B9,Kakudi Health Clinic,Primary,Clinic,Clinic,Public,State Government,Unknown,Katagum,Nasarawa A,11.6502252,10.1657925,,9.52,1,Valid
SN_DB0B85FFCB,Bayan Fada Primary Health Centre,Primary,Primary Health Center,PHC,Public,State Government,Unknown,Bauchi,Dan Amar A,10.3108667,9.8497133,,7.1,0,Valid
SN_DC7DF0D7F4,Baraya Baban Takko Primary Health Centre,Primary,Primary Health Center,PHC,Public,State Government,Unknown,Bauchi,Makama B,10.307435,9.8396917,,7.6,0,Valid
SN_DC9E955323,Misau North Primary Health Centre,Primary,Primary Health Center,PHC,Public,State Government,Unknown,Misau,Kukadi B,11.3202207,10.4651279,,1.187,3,Valid
SN_DCAC7534EB,Mabai Primary Health Centre,Primary,Clinic,Clinic,Public,State Government,Unknown,Jama'are,Dogon Jeji B,11.7524573,9.9480692,,9.56,0,Valid
SN_DCE12DFBCD,Saradugun Primary Health Centre,Primary,Clinic,Clinic,Public,State Government,Unknown,Zaki,Mainako South,12.3663583,10.4126283,,7.4,0,Valid
SN_DE93D22AF7,Gurmun Health Post,Primary,Health Post,Health Post,Public,State Government,Unknown,Shira,Disina B,11.4603933,9.8678259,,9.78,1,Valid
SN_DF278B7056,Kimari Health Post,Primary,Health Post,Health Post,Public,State Government,Unknown,Giade,Zabi,11.5014773,10.3361012,,0.95,0,Valid
SN_DF91BE2922,Muntsira Primary Health Centre,Primary,Health Post,Health Post,Public,State Government,Unknown,Bogoro,Lusa,9.6214749,9.4922203,,7.752,1,Valid
SN_DFD086211A,Dollam Primary Health Centre,Primary,Clinic,Clinic,Public,State Government,Unknown,Tafawa-Balewa,Bununu A,9.8398266,9.6622335,,9.084,0,Valid
SN_E0407E9271,Kayauri Primary Health Centre,Primary,Primary Health Center,PHC,Public,State Government,Unknown,Toro,Toro,10.034685,9.06817,,9.6,0,Valid
SN_E041C295D3,M / Maji Health Clinic,Primary,Clinic,Clinic,Public,State Government,Unknown,Alkaleri,Dan,10.0556859,10.2909335,,7.504,1,Valid
SN_E0D8727811,Disa Health Clinic,Primary,Clinic,Clinic,Public,State Government,Unknown,Warji,Wando,11.101988,9.664204,,6.406,0,Valid
SN_E2190B39D2,Kuka Biyu Health Post,Primary,Health Post,Health Post,Public,State Government,Unknown,Darazo,Tauya West,10.9285617,10.2715884,,3.9,0,Valid
SN_E31CBC2760,Lame Maternal And Child Health,Primary,Primary Health Center,PHC,Public,State Government,Unknown,Toro,Lame,10.2313413,9.0318518,,9.643,1,Valid
SN_E322158EA2,Nabar Primary Health Centre,Primary,Clinic,Clinic,Public,State Government,Unknown,Tafawa-Balewa,Kardam B,9.736815,9.1730557,,9.6,0,Valid
SN_E36C254D86,Kwattuje Primary Health Centre,Primary,Primary Health Center,PHC,Public,State Government,Unknown,Darazo,Konkiyel,11.0638857,10.4804642,,9.0,0,Valid
SN_E383784319,Yangamai Primary Health Centre,Primary,Primary Health Center,PHC,Public,State Government,Unknown,Jama'are,Yangamai,11.6672551,9.9019872,,8.1,0,Valid
SN_E4A44B1018,Hausari Health Post,Primary,Health Post,Health Post,Public,State Government,Unknown,Misau,Jarkasa,11.4647979,10.5217787,,6.555,0,Valid
SN_E4FD3D6324,Pau Health Post,Primary,Health Post,Health Post,Public,State Government,Unknown,Bauchi,Galambi,10.161276,10.0945567,,7.95,0,Valid
SN_E5018624AD,Dumi Primary Health Centre,Primary,Primary Health Center,PHC,Public,State Government,Unknown,Bauchi,Tirwun,10.2827862,9.8712429,,6.919,2,Valid
SN_E6CD4E5E8D,Wanka Maternal And Child Health,Primary,Primary Health Center,PHC,Public,State Government,Unknown,Kirfi,Wanka,10.4504643,10.431645,,8.0,0,Valid
SN_E8A6DF8861,Gwalfada Primary Health Centre,Primary,Primary Health Center,PHC,Public,State Government,Unknown,Toro,Ribina West,10.1237568,9.0429257,,3.404,2,Valid
SN_E97AFBE693,Bakori Health Post,Primary,Health Post,Health Post,Public,State Government,Unknown,Gamawa,Raga,11.7398866,10.5399126,,1.356,0,Valid
SN_E9A0910FBB,Kajawai Primary Health Centre,Primary,Clinic,Clinic,Public,State Government,Unknown,Zaki,Mainako North,12.433955,10.32446,,7.7,0,Valid
SN_E9EB6D3A77,Guda Health Post,Primary,Health Post,Health Post,Public,State Government,Unknown,Ningi,Guda,11.0438817,9.538005,,7.0,0,Valid
SN_EB6311C9A7,Gaburgu Health Post,Primary,Health Post,Health Post,Public,State Government,Unknown,Shira,Tumfafi,11.390245,10.122635,,5.2,0,Valid
SN_EB789DB85F,Jabalya Primary Health Centre,Primary,Clinic,Clinic,Public,State Government,Unknown,Misau,Tofu,11.4302542,10.4166392,,0.724,0,Valid
SN_EB85AF1865,Ganji Primary Health Centre,Primary,Primary Health Center,PHC,Public,State Government,Unknown,Warji,Dagu,11.1399026,9.6912132,,9.367,1,Valid
SN_EC664EAE5F,Yalwa Kurba Primary Health Centre,Primary,Primary Health Center,PHC,Public,State Government,Unknown,Giade,Chinkani,11.2495548,10.2474493,,3.385,1,Valid
SN_ECE03506ED,Kediya Health Post,Primary,Health Post,Health Post,Public,State Government,Unknown,Ganjuwa,Gungura A,10.6421021,10.4606004,,2.225,0,Valid
SN_EDBC3344DE,Bandas Primary Health Centre,Primary,Health Post,Health Post,Public,State Government,Unknown,Dass,Baraza,9.8725619,9.3665116,,4.445,0,Valid
SN_EDBD080FA5,Yalwan Sarma Primary Health Centre,Primary,Primary Health Center,PHC,Public,State Government,Unknown,Misau,Sarma,11.4776344,10.6709057,,5.248,0,Valid
SN_EE7B990E49,Kaciciya Health Clinic,Primary,Clinic,Clinic,Public,State Government,Unknown,Alkaleri,Gwaram B,10.1213722,10.2677799,,6.466,0,Valid
SN_EEAA19B26A,Bogoro Primary Health Centre,Primary,Primary Health Center,PHC,Public,State Government,Unknown,Bogoro,Bogoro,9.66036,9.5975947,,6.7,1,Valid
SN_EF86CF9635,Sakwa Health Post,Primary,Health Post,Health Post,Public,State Government,Unknown,Zaki,Sakwa,12.1213483,10.2945549,,8.166,0,Valid
SN_F038079493,Chinade Maternity Primary Health Centre,Primary,Clinic,Clinic,Public,State Government,Unknown,Katagum,Chinade,11.5169175,10.4216033,,9.6,2,Valid
SN_F03ADE3D6D,Dadin Kowa Health Clinic,Primary,Clinic,Clinic,Public,State Government,Unknown,Tafawa-Balewa,Bununu B,9.7758327,9.6405886,,2.134,0,Valid
SN_F0A92176A5,Unguwar Tudu Health Clinic,Primary,Clinic,Clinic,Public,State Government,Unknown,Ningi,Ningi East,11.0749502,9.5730853,,1899.999,0,Valid
SN_F10C0884DF,Kwacciyel Health Post,Primary,Health Post,Health Post,Public,State Government,Unknown,Toro,Tulai,10.1005933,9.3093567,,4.8,0,Valid
SN_F61E4EDB80,Kwagal Health Post,Primary,Health Post,Health Post,Public,State Government,Unknown,Bauchi,Galambi,10.208065,10.1903167,,9.7,0,Valid
SN_F650892B94,Zubo Primary Health Centre,Primary,Primary Health Center,PHC,Public,State Government,Unknown,Shira,Zubo,11.6443116,9.980408,,7.25,0,Valid
SN_F6D5804F4B,Luggere Health Centre,Primary,Clinic,Clinic,Public,State Government,Unknown,Tafawa-Balewa,Lere North,9.6565019,9.3600992,,10.0,0,Valid
SN_F70A2D27E7,D / Lawan Primary Health Centre,Primary,Primary Health Center,PHC,Public,State Government,Unknown,Bogoro,Bogoro,9.7302287,9.4797712,,8.866,1,Valid
SN_F7706BDBF6,Dambam Atbu Outreach Primary Health Centre,Primary,Primary Health Center,PHC,Public,State Government,Unknown,Damban,Dambam A,11.6769482,10.7208067,,2.856,3,Valid
SN_FB7C66E918,Kardam Primary Health Centre,Primary,Primary Health Center,PHC,Public,State Government,Unknown,Tafawa-Balewa,Kardam A,9.7558364,9.3637861,,9.15,3,Valid
SN_FBBE6C0954,Dajin Maternal And Child Health,Primary,Primary Health Center,PHC,Public,State Government,Unknown,Tafawa-Balewa,Dajin,10.0326067,9.6407417,,8.7,0,Valid
SN_FC57957728,Tuwash Health Post,Primary,Health Post,Health Post,Public,State Government,Unknown,Ningi,Dingis,11.1377717,9.5864198,,7.55,2,Valid
SN_FC79356552,Salarma Health Post,Primary,Health Post,Health Post,Public,State Government,Unknown,Toro,Ribina East,10.0842008,9.1015837,,9.68,0,Valid
SN_FDF22435B1,Ajili Health Post,Primary,Health Post,Health Post,Public,State Government,Unknown,Misau,Ajili,11.3234572,10.505157,,5.988,0,Valid
SN_048F65EBE5,Alwadata Consult. Clinic,Primary,Clinic,Clinic,Private,Unknown,Functional,Bauchi,Unknown,,,05/02/1/1/2/0008,,1,Missing
SN_0EB24EA02D,Almanzoor Diagnostic Center,Primary,Diagnostic / Laboratory Center,Other,Private,Unknown,Functional,Bauchi,Unknown,,,05/02/1/1/2/0007,,1,Missing
SN_151C51363C,Soro Aishatu Bala Muhammed Paediatric Hospital,Primary,Hospital,Hospital,Public,Unknown,Functional,Ganjuwa,Ganjuwa B,,,05/08/1/1/1/0085,,1,Missing
SN_16592F39C5,Acme Dental Service,Primary,Dental Clinic,Clinic,Private,Unknown,Functional,Bauchi,Unknown,,,05/02/1/1/2/0002,,1,Missing
SN_180E245DA9,Gijina Health Post,Primary,Health Post,Health Post,Public,Unknown,Functional,Itas/Gadau,Gijina,,,05/10/1/1/1/0042,,1,Missing
SN_21CE9530E4,Wadyum And Wayo Memorial Clinic,Primary,Clinic,Clinic,Private,Unknown,Functional,Bauchi,Unknown,,,05/02/1/1/2/0030,,1,Missing
SN_2825ED6001,Loro Dispensary,Primary,Health Post,Health Post,Public,Unknown,Functional,Bauchi,Unknown,,,05/02/1/1/1/0065,,1,Missing
SN_28575698AA,Nagari Medical And Maternity,Primary,Maternity Home,Maternity,Private,Unknown,Functional,Bauchi,Dan Iya,,,05/02/1/1/2/0117,,1,Missing
SN_3B99517860,Royal Confidi Clinic And Maternity,Primary,Maternity Home,Maternity,Private,Unknown,Functional,Bauchi,Unknown,,,05/02/1/1/2/0025,,1,Missing
SN_40D125A6B7,Aegis Health Profile Physiotheraphy,Primary,Unknown,Unknown,Private,Unknown,Functional,Bauchi,Unknown,,,05/02/1/1/2/0003,,1,Missing
SN_4F09234A32,Tongroit Health Clinic,Primary,Clinic,Clinic,Private,Unknown,Functional,Bogoro,Boi,,,05/03/1/1/2/0040,,1,Missing
SN_5994B18903,Liman Katagum Comprehensive Health Center,Primary,Health Center,PHC,Public,Unknown,Functional,Bauchi,Unknown,,,05/02/1/1/1/0062,,1,Missing
SN_5DDD5821FA,Kofar Wase Primary Health Centre,Primary,Primary Health Center,PHC,Public,Unknown,Functional,Bauchi,Dan Amar B,,,05/02/1/1/1/0053,,1,Missing
SN_604F4D5B17,Makkah Eye Specialist Hospital,Tertiary,Specialist Hospital,Hospital,Private,Unknown,Functional,Bauchi,Unknown,,,05/02/1/3/2/0001,,1,Missing
SN_64DA0873C3,Apex Specialist Medical Hospital,Primary,Unknown,Unknown,Private,Unknown,Functional,Bauchi,Dan Iya,,,05/02/1/1/2/0115,,1,Missing
SN_68EF895FC9,Assalam Hospital,Secondary,Hospital,Hospital,Private,Unknown,Functional,Bauchi,Unknown,,,05/02/1/2/2/0003,,1,Missing
SN_80E611627C,Al-Ummah Health Clinic And Nursing Home,Primary,Unknown,Unknown,Private,Unknown,Functional,Toro,Mara,,,05/18/1/1/2/0005,,1,Missing
SN_8E8CC68E81,Rumba Health Post,Primary,Health Post,Health Post,Public,Unknown,Functional,Bauchi,Liman Katagum,,,05/02/1/1/1/0094,,1,Missing
SN_9A152015C3,Epouch Clinic And Maternity,Primary,Maternity Home,Maternity,Private,Unknown,Functional,Bauchi,Tirwun,,,05/02/1/1/2/0119,,1,Missing
SN_9EA5F31AD4,Zahara Medical Clinic,Primary,Clinic,Clinic,Private,Unknown,Functional,Bauchi,Unknown,,,05/02/1/1/2/0032,,1,Missing
SN_A1A076F624,Sabon Garin Zumbul  Primary Health Clinic,Primary,Unknown,Unknown,Public,Unknown,Functional,Toro,Palama,,,05/18/1/1/1/0112,,1,Missing
SN_AE21DC712D,Sanitas Evening Medical And Dental Service,Primary,Unknown,Unknown,Private,Unknown,Functional,Bauchi,Unknown,,,05/02/1/1/2/0026,,1,Missing
SN_B2C561318C,Al Sadeeq Clinic,Primary,Clinic,Clinic,Private,Unknown,Functional,Giade,Giade A,,,05/09/1/1/2/0041,,1,Missing
SN_B5A348FBA6,Usmaniyya Memorial Clinic,Primary,Clinic,Clinic,Private,Unknown,Functional,Toro,Tilde,,,05/18/1/1/2/0107,,1,Missing
SN_D949B8A567,Kirchibuwa Health Post,Primary,Health Post,Health Post,Public,Unknown,Functional,Zaki,Gadai,,,05/20/1/1/1/0033,,1,Missing
SN_DB025635FD,Zrenie Specialist Medical Hospital,Primary,Unknown,Unknown,Private,Unknown,Functional,Bauchi,Dan Iya,,,05/02/1/1/2/0120,,1,Missing
SN_7EEA9FD4F2,Fadaman Mada Primary Health Center,Primary,Primary Health Center,PHC,Public,Unknown,Functional,Bauchi,Tirwun,,,05/02/1/1/1/0131,,1,Missing
SN_DCD330D756,Primier Medical Specialist Hospital,Primary,Primary Health Clinic,PHC,Private,Unknown,Functional,Bauchi,Dan Iya,,,05/02/1/1/2/0129,,1,Missing
SN_E0A92D2CBC,Alheri Health Clinic,Primary,Clinic,Clinic,Private,Unknown,Functional,Toro,Zaranda,,,05/18/1/1/2/0116,,1,Missing
SN_E1E845B0CA,Tafawa-Balewa General Hospital,Primary,General Hospital,Hospital,Public,Unknown,Functional,Tafawa-Balewa,Wai B,,,05/17/1/1/1/0041,,1,Missing
SN_E2D0020404,Dambam Nursing Home,Primary,Nursing / Convalescent Home,Other,Private,Unknown,Functional,Bauchi,Unknown,,,05/02/1/1/2/0012,,1,Missing
SN_E3081B633E,Alfurqan Clinic And Maternity,Primary,Maternity Home,Maternity,Private,Unknown,Functional,Bauchi,Unknown,,,05/02/1/1/2/0005,,1,Missing
SN_EFD63418AF,Chongtis Hospital,Secondary,Hospital,Hospital,Private,Unknown,Functional,Tafawa-Balewa,Wai B,,,05/17/1/2/2/0112,,1,Missing
SN_F328EE58FC,Zamava Clinic,Primary,Clinic,Clinic,Public,Unknown,Functional,Bauchi,Unknown,,,05/02/1/1/1/0092,,1,Missing
SN_FD615D34DD,Tudun Wadan Dan Iya Primary Health Clinic,Primary,Primary Health Clinic,PHC,Public,Unknown,Functional,Misau,Kukadi B,,,05/14/1/1/1/0051,,1,Missing
SN_015A0EEC65,Barnawa Health Post,Unknown,Health Post,Health Post,Public,Unknown,Functional,Bauchi,Miri,,,,2.483,1,Missing
SN_029CD94F98,Badel Primary Health Care Center,Unknown,Primary Health Center,PHC,Public,Unknown,Functional,Dass,Badel,,,,3.9,1,Missing
SN_040A29CD07,Namu Primary Health Clinic,Unknown,Primary Health Clinic,PHC,Private,Unknown,Functional,Bogoro,Bogoro,,,,3.96,1,Missing
SN_07EE0A9BEB,Kankare Primary Health Care Centre,Unknown,Primary Health Center,PHC,Public,Unknown,Functional,Warji,Tiyin A,,,,3.9,1,Missing
SN_099095861F,Kwagal Primary Health Care Centre,Unknown,Primary Health Center,PHC,Public,Unknown,Functional,Kirfi,Kwagal,,,,4.866,1,Missing
SN_09AF3AC2B3,Sauki Clinic,Unknown,Primary Health Clinic,PHC,Private,Unknown,Functional,Bogoro,Bogoro,,,,4.96,1,Missing
SN_09C3EE6953,Jawa Primary Health Care Centre,Unknown,Primary Health Center,PHC,Public,Unknown,Functional,Warji,Ranga A,,,,3.9,1,Missing
SN_0FA8C4E276,Mararraba Primary Health Care Centre,Unknown,Primary Health Center,PHC,Public,Unknown,Functional,Bauchi,Liman Katagum,,,,4.885,1,Missing
SN_10403761B9,Women And Children Hospital,Unknown,Hospital,Hospital,Public,Unknown,Functional,Bauchi,Makama A,,,,4.288,1,Missing
SN_1110634F3A,Shirgiya Health Clinic,Unknown,Primary Health Clinic,PHC,Public,Unknown,Functional,Ningi,Kafin Lemo,,,,4.48,1,Missing
SN_118B0B2AE7,Soro Primary Health Care Center,Unknown,Primary Health Center,PHC,Public,Unknown,Functional,Ganjuwa,Ganjuwa B,,,,4.966,1,Missing
SN_1277E39BD6,Danyaya Clinic And Maternity,Unknown,Primary Health Clinic,PHC,Private,Unknown,Functional,Ningi,Ningi East,,,,4.62,1,Missing
SN_13F6358CB8,Kaloma Primary Health Clinic,Unknown,Primary Health Clinic,PHC,Public,Unknown,Functional,Kirfi,Kwagal,,,,4.92,1,Missing
SN_17CA5FC275,Daula Clinic And Maternity,Unknown,Primary Health Clinic,PHC,Private,Unknown,Functional,Ningi,Ningi West,,,,5.0,1,Missing
SN_1BF59EBFC1,Lize Health Clinic,Unknown,Primary Health Clinic,PHC,Public,Unknown,Functional,Itas/Gadau,Kashuri,,,,4.466,1,Missing
SN_1D7A5E5C7A,Cocin Primary Health Care Centre,Unknown,Primary Health Center,PHC,Private,Unknown,Functional,Bogoro,Boi,,,,4.583,1,Missing
SN_1E0E7F93B7,Zaura Primary Health Care Centre,Unknown,Primary Health Center,PHC,Public,Unknown,Functional,Dass,Zaura,,,,4.983,1,Missing
SN_1FC426C2B1,Kwantamari Primary Health Clinic,Unknown,Primary Health Clinic,PHC,Public,Unknown,Functional,Jama'are,Lariye,,,,4.45,1,Missing
SN_2107247B4D,Garin Mu'Azu Health Post,Unknown,Health Post,Health Post,Public,Unknown,Functional,Kirfi,Kwagal,,,,4.866,1,Missing
SN_24F8C31540,Garam Health Post,Unknown,Health Post,Health Post,Public,Unknown,Functional,Dass,Garam,,,,4.9,1,Missing
SN_27D3989288,Miya Model Primary Health Care Center (Miya Mphc),Unknown,Primary Health Center,PHC,Public,Unknown,Functional,Ganjuwa,Miya A,,,,4.56,1,Missing
SN_29D44ABD3F,Alumma Maternity And Nursing Home,Unknown,Primary Health Center,PHC,Private,Unknown,Functional,Jama'are,Jamaare D,,,,4.385,1,Missing
SN_2AA718438C,K / Bubuna Primary Health Care,Unknown,Primary Health Center,PHC,Public,Unknown,Functional,Warji,Baima,,,,3.9,1,Missing
SN_30F32A9688,Zari Maku Health Post,Unknown,Health Post,Health Post,Public,Unknown,Functional,Toro,Palama,,,,1.185,1,Missing
SN_32A5A79DBD,Nigerian Air Force Base Medical Centre,Unknown,Medical Center,Hospital,Public,Unknown,Functional,Bauchi,Kundun Durum,,,,3.38,1,Missing
SN_33BB0EB66A,Ngwainga Health Post,Unknown,Health Post,Health Post,Public,Unknown,Functional,Misau,Sirko,,,,5.0,1,Missing
SN_340D6E3D32,Wabu Allah Yayi Health Post,Unknown,Health Post,Health Post,Public,Unknown,Functional,Gamawa,Tumbi,,,,3.9,1,Missing
SN_34C6E96806,Aninu Saleh College Of Education Azare Clinic,Unknown,Clinic,Clinic,Public,Unknown,Functional,Katagum,Nasarawa A,,,,4.588,1,Missing
SN_35490D960E,Yang Grace Clinic,Unknown,Primary Health Clinic,PHC,Private,Unknown,Functional,Tafawa-Balewa,Lere South,,,,4.82,1,Missing
SN_369D0E2F41,Kada Nursing Home And Maternity,Unknown,Primary Health Clinic,PHC,Private,Unknown,Functional,Ningi,Kurmi,,,,4.74,1,Missing
SN_37DC9A004A,Hq Naac Medical Centre,Unknown,Medical Center,Hospital,Public,Unknown,Functional,Bauchi,Dan Iya,,,,4.666,1,Missing
SN_39FAAC7D42,Sabon Garin Burgel Primary Health Care Center,Unknown,Primary Health Center,PHC,Public,Unknown,Functional,Dass,Bununu East,,,,3.9,1,Missing
SN_3A6649D3B4,Maryam Uwais Paediatric Hospital,Unknown,Hospital,Hospital,Private,Unknown,Functional,Ganjuwa,Miya A,,,,3.9,1,Missing
SN_406CD1C45C,Kunjeri Health Post,Unknown,Health Post,Health Post,Public,Unknown,Functional,Bauchi,Lariye,,,,4.45,1,Missing
SN_4105510064,Marmanji Primary Health Clinic,Unknown,Primary Health Clinic,PHC,Public,Unknown,Functional,Jama'are,Dogonjeji B,,,,4.4,1,Missing
SN_417C9F6838,Fagarau Primary Health Care Centre,Unknown,Primary Health Center,PHC,Public,Unknown,Functional,Damban,Fagarau,,,,4.52,1,Missing
SN_44EF74271A,Zaki General Hospital,Unknown,General Hospital,Hospital,Public,Unknown,Functional,Zaki,Katagum,,,,4.987,1,Missing
SN_490FE07282,People'S Clinic,Unknown,Primary Health Clinic,PHC,Private,Unknown,Functional,Kirfi,Bara,,,,2.383,1,Missing
SN_50FD020CAD,Taranka Primary Health Care Centre,Unknown,Primary Health Center,PHC,Public,Unknown,Functional,Gamawa,Taranka,,,,4.58,1,Missing
SN_517A09D2E1,Town Primary Health Centre,Unknown,Primary Health Center,PHC,Public,Unknown,Functional,Tafawa-Balewa,Wai B,,,,2.633,1,Missing
SN_55F5853CA7,Lafiya Health Clinic,Unknown,Primary Health Clinic,PHC,Public,Unknown,Functional,Katagum,Ragwan,,,,4.288,1,Missing
SN_580CE7106C,God'S Own Faith Clinic,Unknown,Primary Health Clinic,PHC,Private,Unknown,Functional,Tafawa-Balewa,Lere South,,,,4.966,1,Missing
SN_5A28989462,Keffi Hospital Bauchi,Unknown,Hospital,Hospital,Private,Unknown,Functional,Bauchi,Birshi,,,,3.9,1,Missing
SN_5A602A700F,Nakowa Health Post,Unknown,Health Post,Health Post,Public,Unknown,Functional,Toro,Rauta/Geji,,,,0.717,1,Missing
SN_5C5C0AE3FC,Tuya Health Post,Unknown,Health Post,Health Post,Public,Unknown,Functional,Warji,Ranga A,,,,3.9,1,Missing
SN_634BF5ECB6,Shalgwantar Health Clinic,Unknown,Primary Health Clinic,PHC,Public,Unknown,Functional,Dass,Bununu East,,,,4.88,1,Missing
SN_64801DDD3E,Beru Primary Health Centre,Unknown,Primary Health Clinic,PHC,Public,Unknown,Functional,Bauchi,Tirwun,,,,4.7,1,Missing
SN_64F3E40586,Bassi Primary Health Centre,Unknown,Primary Health Clinic,PHC,Public,Unknown,Functional,Bauchi,Yamrat,,,,3.25,1,Missing
SN_650A0F291A,Baburti Health Post,Unknown,Health Post,Health Post,Public,Unknown,Functional,Jama'are,Galdamari,,,,4.283,1,Missing
SN_68F2127C36,Sa'A Clinic Lomi,Unknown,Primary Health Clinic,PHC,Private,Unknown,Functional,Kirfi,Lariski,,,,2.383,1,Missing
SN_6C42094429,Victory Clinic Bango,Unknown,Primary Health Clinic,PHC,Private,Unknown,Functional,Tafawa-Balewa,Kardam C,,,,3.9,1,Missing
SN_6F2F82AFF9,Buzaye Primary Health Care,Unknown,Primary Health Center,PHC,Public,Unknown,Functional,Bauchi,Miri,,,,3.9,1,Missing
SN_748D391A63,Tadire Health Post,Unknown,Health Post,Health Post,Public,Unknown,Functional,Zaki,Tashena,,,,4.824,1,Missing
SN_761F477A6A,Wandi Primary Health Care Center,Unknown,Primary Health Center,PHC,Public,Unknown,Functional,Dass,Wandi,,,,4.7,1,Missing
SN_783C6B6C5A,Na Allah Nakowa Hospital Annex,Unknown,Hospital,Hospital,Private,Unknown,Functional,Tafawa-Balewa,Lere North,,,,5.0,1,Missing
SN_794F9D29D9,Kajala Primary Health Care Centre,Unknown,Primary Health Center,PHC,Public,Unknown,Functional,Ningi,Yuwa,,,,1.416,1,Missing
SN_799F1A1315,Unguwar Danya Health Post,Unknown,Health Post,Health Post,Public,Unknown,Functional,Warji,Tiyin A,,,,3.486,1,Missing
SN_7A4F0E2294,Yalwa Primary Health Care Centre,Unknown,Primary Health Center,PHC,Public,Unknown,Functional,Giade,Kurba,,,,3.85,1,Missing
SN_7A6887AED2,Tudun Jarkoya Health Post,Unknown,Health Post,Health Post,Public,Unknown,Functional,Ningi,Kyata,,,,4.0,1,Missing
SN_7BF6D61738,Durr Main Primary Healthcare Clinic,Unknown,Primary Health Clinic,PHC,Public,Unknown,Functional,Dass,Durr,,,,4.64,1,Missing
SN_7C00C71A62,Indabo Health Post,Unknown,Health Post,Health Post,Public,Unknown,Functional,Darazo,Gabarin East,,,,4.614,1,Missing
SN_7C2B4BC3AC,General Hospital Alkaleri,Unknown,General Hospital,Hospital,Public,Unknown,Functional,Alkaleri,Alkaleri West,,,,4.997,1,Missing
SN_7EA8049AF5,"Hamdala Clinic And Maternity Ltd, Azare",Unknown,Health Post,Health Post,Private,Unknown,Functional,Katagum,Bakin Kasuwa,,,,4.225,1,Missing
SN_7FB056FE07,Wuba Primary Health Care Centre,Unknown,Primary Health Center,PHC,Public,Unknown,Functional,Gamawa,Gudubonus,,,,4.4,1,Missing
SN_814657143F,Lungwai Health Clinic,Unknown,Primary Health Clinic,PHC,Private,Unknown,Functional,Ningi,Jangu,,,,4.08,1,Missing
SN_81BDBAF949,Nasara Medical Clinic,Unknown,Clinic,Clinic,Private,Unknown,Functional,Shira,Yana,,,,4.288,1,Missing
SN_8733FD7095,Model Primary Health Care Center,Unknown,Primary Health Center,PHC,Public,Unknown,Functional,Alkaleri,Dan,,,,3.9,1,Missing
SN_8AEC93B72C,Gilar Primary Health Clinic,Unknown,Primary Health Clinic,PHC,Public,Unknown,Functional,Jama'are,Dogon Jaji C,,,,4.78,1,Missing
SN_8BDA636E74,Tipchi Primary Health Care Centre,Unknown,Primary Health Center,PHC,Public,Unknown,Functional,Ningi,Kyata,,,,4.0,1,Missing
SN_8E9A012190,Gadai Primary Health Care Centre,Unknown,Primary Health Center,PHC,Public,Unknown,Functional,Zaki,Gadai,,,,4.516,1,Missing
SN_9561834312,Shifa'A Medical Consultancy Nigeria Limited,Unknown,Primary Health Clinic,PHC,Private,Unknown,Functional,Katagum,Nasarawa A,,,,4.95,1,Missing
SN_9774156ADB,Dambam Abubakar Tafawa Balewa University Outreach Centre,Unknown,Outreach Center,Other,Public,Unknown,Functional,Damban,Dambam B,,,,4.9,1,Missing
SN_9A7159C87B,Shuwaki Health Post,Unknown,Health Post,Health Post,Public,Unknown,Functional,Ningi,Kafin Lemo,,,,4.48,1,Missing
SN_895E45F732,Kwaptin Rimi Primary Health Clinic,Primary,Primary Health Clinic,PHC,Public,Unknown,Functional,Tafawa-Balewa,Kardam C,,,05/17/1/1/1/0029,,1,Missing
SN_9CA59DAAAC,Alummah Hospital Bununu Ltd.,Unknown,Hospital,Hospital,Private,Unknown,Functional,Tafawa-Balewa,Bununu A,,,,5.0,1,Missing
SN_A13C32A95E,Zaki Primary Health Care Centre,Unknown,Primary Health Center,PHC,Public,Unknown,Functional,Zaki,Katagum,,,,4.853,1,Missing
SN_A51E62E684,Masussuka Health Clinic,Unknown,Primary Health Clinic,PHC,Public,Unknown,Functional,Ningi,Kafin Lemo,,,,4.48,1,Missing
SN_A585C2EBC4,People'S Clinic Limited,Unknown,Primary Health Clinic,PHC,Private,Unknown,Functional,Alkaleri,Alkaleri West,,,,3.9,1,Missing
SN_A7ED42AE2D,Luckhi Primary Health Care Centre,Unknown,Primary Health Center,PHC,Public,Unknown,Functional,Dass,Luckhi,,,,3.9,1,Missing
SN_A8B58A1898,Gambara Health Post,Unknown,Health Post,Health Post,Public,Unknown,Functional,Itas/Gadau,Abdallawa,,,,4.424,1,Missing
SN_A95549DE4F,Urban Mathanity Primary Health Care,Unknown,Primary Health Clinic,PHC,Public,Unknown,Functional,Bauchi,Dawaki,,,,3.9,1,Missing
SN_A95F34D210,Baba Primary Health Care Centre,Unknown,Primary Health Center,PHC,Public,Unknown,Functional,Kirfi,Baba,,,,1.933,1,Missing
SN_AB62B98E1E,Health Post,Unknown,Health Post,Health Post,Public,Unknown,Functional,Toro,Ribina West,,,,0.767,1,Missing
SN_ADD298252D,Ahmed Wabi Primary Health Care Centre,Unknown,Primary Health Center,PHC,Public,Unknown,Functional,Jama'are,Dogonjeji C,,,,4.4,1,Missing
SN_AE922092F9,Bani Primary Health Clinic,Unknown,Primary Health Clinic,PHC,Public,Unknown,Functional,Kirfi,Lariski,,,,2.383,1,Missing
SN_B02CA49C52,Yaldam Primary Health Clinic,Unknown,Primary Health Clinic,PHC,Private,Unknown,Functional,Bogoro,Bogoro,,,,3.84,1,Missing
SN_B0DAA94FE9,Dunkurmi Primary Health Care Center,Unknown,Primary Health Center,PHC,Public,Unknown,Functional,Misau,Dunkurmi,,,,5.0,1,Missing
SN_B30457F5DF,Guyaba Primary Health Care Centre,Unknown,Primary Health Center,PHC,Public,Unknown,Functional,Kirfi,Guyaba,,,,2.716,1,Missing
SN_B474180ECE,Lariski Primary Health Care Centre,Unknown,Primary Health Center,PHC,Public,Unknown,Functional,Kirfi,Lariski,,,,2.383,1,Missing
SN_B5F7D477A3,Gurmun Health Post,Unknown,Health Post,Health Post,Public,Unknown,Functional,Shira,Disina A,,,,4.911,1,Missing
SN_B7D52A41A9,Kafin Sule Primary Health Care Center,Unknown,Primary Health Center,PHC,Public,Unknown,Functional,Misau,Kafin Sule,,,,5.0,1,Missing
SN_BC02AE5D8D,Hamdalk Health Care,Unknown,Health Post,Health Post,Private,Unknown,Functional,Bauchi,Liman Katagum,,,,3.94,1,Missing
SN_BDD2A3FCA3,Nayi Nawa Health Post,Unknown,Health Post,Health Post,Public,Unknown,Functional,Damban,Yayari,,,,4.966,1,Missing
SN_C040F23BDF,Elsadeeq Clinic And Maternity,Unknown,Primary Health Clinic,PHC,Private,Unknown,Functional,Giade,Giade A,,,,4.666,1,Missing
SN_C09523FE81,Vimshi Nursing Home,Unknown,Primary Health Center,PHC,Private,Unknown,Functional,Tafawa-Balewa,Lere North,,,,4.82,1,Missing
SN_C29797BD94,Primary Health Care Centre,Unknown,Primary Health Center,PHC,Public,Unknown,Functional,Bauchi,Yamrat,,,,3.9,1,Missing
SN_C5AE761821,Jodori Health Post,Unknown,Health Post,Health Post,Public,Unknown,Functional,Gamawa,Jodori,,,,3.9,1,Missing
SN_C73176BD0D,Gekil Primary Health Clinic,Unknown,Primary Health Clinic,PHC,Public,Unknown,Functional,Bauchi,Mball,,,,4.6,1,Missing
SN_999F872F22,Almuktar Health Clinic,Primary,Clinic,Clinic,Private,Unknown,Functional,Misau,Kukadi A,,,05/14/1/1/2/0052,,1,Missing
SN_D4A82A124F,Lailai  Health Clinic,Primary,Clinic,Clinic,Public,Unknown,Functional,Damban,Yayari,,,05/04/1/1/1/0048,,1,Missing
SN_CC9D70DCF1,Senator Bala Kaura Health Post,Unknown,Health Post,Health Post,Public,Unknown,Functional,Alkaleri,Alkaleri East,,,,4.898,1,Missing
SN_D4F9D9F1D4,Tale Primary Health Clinic,Unknown,Primary Health Clinic,PHC,Public,Unknown,Functional,Damban,Minchika,,,,4.4,1,Missing
SN_DC738B6CF6,Al Noor Clinic And Maternity,Unknown,Primary Health Clinic,PHC,Private,Unknown,Functional,Shira,Faggo B,,,,3.9,1,Missing
SN_DDBEA8C6BB,Giade Napule Nursing And Maternity Centre,Unknown,Primary Health Clinic,PHC,Private,Unknown,Functional,Giade,Giade A,,,,3.9,1,Missing
SN_DDDCE2E5AB,Ginja Health Clinic,Unknown,Primary Health Clinic,PHC,Public,Unknown,Functional,Kirfi,Beni,,,,4.8,1,Missing
SN_E7B740CF06,Sabon Gari Zakshi Health Post,Unknown,Health Post,Health Post,Public,Unknown,Functional,Toro,Palama,,,,1.187,1,Missing
SN_E8314EE350,Yangamai Primary Health Care Centre,Unknown,Primary Health Center,PHC,Public,Unknown,Functional,Bauchi,Yangamai,,,,4.433,1,Missing
SN_E8B90F2946,Sabon Kafi Primary Health Care Centre,Unknown,Primary Health Center,PHC,Public,Unknown,Functional,Jama'are,Dogonjeji B,,,,4.4,1,Missing
SN_EA96F16E9E,Pmss Mwari Health Post,Unknown,Health Post,Health Post,Private,Unknown,Functional,Bogoro,Mwari,,,,4.84,1,Missing
SN_EBFFCA6E1C,Zakshi Primary Health Care Center,Unknown,Primary Health Center,PHC,Public,Unknown,Functional,Toro,Palama,,,,1.781,1,Missing
SN_EF53259140,Hadiza Mohammad Abubakar Paediatric Hospital,Unknown,Hospital,Hospital,Public,Unknown,Functional,Darazo,Gabarin East,,,,4.833,1,Missing
SN_F238E9BCC4,Zakara Health Post,Unknown,Health Post,Health Post,Public,Unknown,Functional,Ningi,Kudu Yamma,,,,1.68,1,Missing
SN_F2F060B3B6,Alangawari Primary Health Care Centre,Unknown,Primary Health Center,PHC,Public,Unknown,Functional,Zaki,Alangwari,,,,4.824,1,Missing
SN_F571BA3BB0,Jabbori Primary Health Care Centre,Unknown,Primary Health Center,PHC,Public,Unknown,Functional,Shira,Yola,,,,4.316,1,Missing
SN_FB5C88E18E,Butur Health Post,Unknown,Health Post,Health Post,Public,Unknown,Functional,Dass,Butur,,,,4.666,1,Missing
SN_FC0147F0EF,Lemari Primary Health Clinic,Unknown,Primary Health Clinic,PHC,Public,Unknown,Functional,Darazo,Sade West,,,,4.81,1,Missing
SN_FD0935106F,Foni Nursing And Maternity Home,Unknown,Primary Health Clinic,PHC,Private,Unknown,Functional,Ningi,Guda,,,,4.04,1,Missing
SN_FDFEB2CA8E,Bundulin Kasa Health Post,Unknown,Health Post,Health Post,Public,Unknown,Functional,Dass,Bundot,,,,3.9,1,Missing
SN_FE447FC7FD,Kongoro Health Post,Unknown,Health Post,Health Post,Public,Unknown,Functional,Ningi,Yuwa,,,,2.5,1,Missing
SN_FEC5CED7D8,National Obstetric Fistula Centre,Unknown,Unknown,Unknown,Public,Unknown,Functional,Ningi,Ningi East,,,,4.74,1,Missing
SN_3A46596E17,Zumbul Primary Health Care,Primary,Primary Health Center,PHC,Public,Local Government,Functional,Dass,Lukshi,,,,,0,Missing
SN_BC1FF278CA,Zumbul Maternal And Child Health,Primary,Primary Health Center,PHC,Public,State Government,Unknown,Dass,Zumbul,,,,3.9,0,Missing
SN_70FEC082A9,Moscow Health Clinic Gajin Duguri,Primary,Clinic,Clinic,Private,Unknown,Functional,Alkaleri,Yuli,,,05/01/1/1/2/0002,,0,Missing
SN_6315A84C61,Zumbul Primary Health Care Center,Primary,Primary Health Center,PHC,Public,Unknown,Functional,Dass,Zumbul,,,05/06/1/1/1/0039,,0,Missing
SN_2F6DA7ED16,Bako Health Clinic,Unknown,Primary Health Clinic,PHC,Private,Unknown,Functional,Tafawa-Balewa,Wai B,,,,2.633,0,Missing
SN_B18150FFF6,College Of Health Technology Clinic,Unknown,Primary Health Clinic,PHC,Public,Unknown,Functional,Ningi,Ningi East,,,,4.88,0,Missing
SN_1FADEE4B24,Bund Jaru Primary Health Care Centre,Unknown,Primary Health Center,PHC,Public,Unknown,Functional,Gamawa,Jadori,,,,3.9,0,Missing
SN_2067EA2436,Mainako Primary Health Care Centre,Unknown,Primary Health Center,PHC,Public,Unknown,Functional,Zaki,Mainako South,,,,4.288,0,Missing
